rank,Source,Target,weight
0,484E,483V,0.2680645737773276
1,501N,452L,0.3644993149460892
2,501N,142G,0.28740990051825815
3,501N,452L,0.3644993149460892
4,501N,452L,0.3644993149460892
5,501N,452L,0.3644993149460892
6,501N,452L,0.3644993149460892
7,501N,452L,0.3644993149460892
8,501N,452L,0.3644993149460892
9,501N,452L,0.3644993149460892
10,501N,452L,0.3644993149460892
11,501N,452L,0.3644993149460892
12,501N,452L,0.3644993149460892
13,501N,452L,0.3644993149460892
14,501N,452L,0.3644993149460892
15,501N,384P,0.3580776791564901
16,501N,452L,0.3644993149460892
17,501N,452L,0.3644993149460892
18,614D,701A,0.6643533686781438
19,614D,655H,0.8367993089890987
20,614D,67A,0.6456543754095432
21,614D,95T,0.6571781735867039
22,614D,339G,0.343935783642104
23,614D,371S,0.8363912551379042
24,614D,375S,0.7208464883540835
25,614D,440N,0.3338922976112467
26,614D,498Q,0.31418061595282054
27,614D,505Y,0.6258592958837195
28,614D,655H,0.8367993089890987
29,614D,796D,0.48007088818728777
30,614D,954Q,0.7485256448442247
31,614D,969N,0.707937689879073
32,614D,346R,0.5932656222076607
33,614D,145Y,0.5590397331268243
34,614D,655H,0.8367993089890987
35,614D,655H,0.8367993089890987
36,614D,613Q,0.6878298683505093
37,614D,346R,0.5932656222076607
38,614D,655H,0.8367993089890987
39,614D,367V,0.6684666706379936
40,614D,613Q,0.6878298683505093
41,614D,655H,0.8367993089890987
42,614D,655H,0.8367993089890987
43,614D,701A,0.6643533686781438
44,614D,516E,0.7810299636623578
45,614D,701A,0.6643533686781438
46,614D,701A,0.6643533686781438
47,614D,439N,0.5527044736998868
48,701A,614D,0.6643533686781438
49,701A,655H,0.6421486864835885
50,701A,614D,0.6643533686781438
51,701A,67A,0.4151992613331744
52,701A,95T,0.564186572943349
53,701A,371S,0.6229224995532257
54,701A,375S,0.5398909870733305
55,701A,440N,0.3213677250253172
56,701A,505Y,0.677554059689045
57,701A,614D,0.6643533686781438
58,701A,655H,0.6421486864835885
59,701A,796D,0.39694704235420264
60,701A,954Q,0.5551021623875618
61,701A,969N,0.5487460534937749
62,701A,346R,0.5172871865133735
63,701A,614D,0.6643533686781438
64,701A,614D,0.6643533686781438
65,701A,614D,0.6643533686781438
66,701A,145Y,0.44426043962590095
67,701A,614D,0.6643533686781438
68,701A,614D,0.6643533686781438
69,701A,614D,0.6643533686781438
70,701A,655H,0.6421486864835885
71,701A,614D,0.6643533686781438
72,701A,614D,0.6643533686781438
73,701A,655H,0.6421486864835885
74,701A,614D,0.6643533686781438
75,701A,614D,0.6643533686781438
76,701A,613Q,0.5279055221302198
77,701A,614D,0.6643533686781438
78,701A,614D,0.6643533686781438
79,701A,346R,0.5172871865133735
80,701A,614D,0.6643533686781438
81,701A,614D,0.6643533686781438
82,701A,614D,0.6643533686781438
83,701A,614D,0.6643533686781438
84,701A,655H,0.6421486864835885
85,701A,614D,0.6643533686781438
86,701A,614D,0.6643533686781438
87,701A,614D,0.6643533686781438
88,701A,614D,0.6643533686781438
89,701A,614D,0.6643533686781438
90,701A,614D,0.6643533686781438
91,701A,367V,0.5405224280693394
92,701A,613Q,0.5279055221302198
93,701A,655H,0.6421486864835885
94,701A,655H,0.6421486864835885
95,701A,614D,0.6643533686781438
96,701A,614D,0.6643533686781438
97,701A,516E,0.6217400369333412
98,701A,614D,0.6643533686781438
99,701A,614D,0.6643533686781438
100,701A,614D,0.6643533686781438
101,701A,614D,0.6643533686781438
102,701A,614D,0.6643533686781438
103,701A,614D,0.6643533686781438
104,701A,614D,0.6643533686781438
105,701A,614D,0.6643533686781438
106,701A,439N,0.37294334902007503
107,701A,614D,0.6643533686781438
108,701A,614D,0.6643533686781438
109,484E,483V,0.2680645737773276
110,501N,452L,0.3644993149460892
111,501N,142G,0.28740990051825815
112,501N,452L,0.3644993149460892
113,501N,452L,0.3644993149460892
114,501N,452L,0.3644993149460892
115,501N,452L,0.3644993149460892
116,501N,452L,0.3644993149460892
117,501N,452L,0.3644993149460892
118,501N,452L,0.3644993149460892
119,501N,452L,0.3644993149460892
120,501N,452L,0.3644993149460892
121,501N,452L,0.3644993149460892
122,501N,452L,0.3644993149460892
123,501N,452L,0.3644993149460892
124,501N,384P,0.3580776791564901
125,501N,452L,0.3644993149460892
126,501N,452L,0.3644993149460892
127,614D,655H,0.8367993089890987
128,614D,67A,0.6456543754095432
129,614D,95T,0.6571781735867039
130,614D,339G,0.343935783642104
131,614D,371S,0.8363912551379042
132,614D,375S,0.7208464883540835
133,614D,440N,0.3338922976112467
134,614D,498Q,0.31418061595282054
135,614D,505Y,0.6258592958837195
136,614D,655H,0.8367993089890987
137,614D,796D,0.48007088818728777
138,614D,954Q,0.7485256448442247
139,614D,969N,0.707937689879073
140,614D,346R,0.5932656222076607
141,614D,145Y,0.5590397331268243
142,614D,655H,0.8367993089890987
143,614D,655H,0.8367993089890987
144,614D,613Q,0.6878298683505093
145,614D,346R,0.5932656222076607
146,614D,655H,0.8367993089890987
147,614D,367V,0.6684666706379936
148,614D,613Q,0.6878298683505093
149,614D,655H,0.8367993089890987
150,614D,655H,0.8367993089890987
151,614D,701A,0.6643533686781438
152,614D,516E,0.7810299636623578
153,614D,701A,0.6643533686781438
154,614D,701A,0.6643533686781438
155,614D,439N,0.5527044736998868
156,655H,614D,0.8367993089890987
157,655H,67A,0.6703699291118127
158,655H,95T,0.5884345028891403
159,655H,339G,0.31376958360636203
160,655H,371S,0.779579436468696
161,655H,375S,0.6648626913683207
162,655H,440N,0.2889319115982605
163,655H,498Q,0.2927562995174837
164,655H,505Y,0.5705248108655507
165,655H,614D,0.8367993089890987
166,655H,796D,0.4386012986239351
167,655H,954Q,0.6400458688270686
168,655H,969N,0.6309972002144516
169,655H,346R,0.6300828021683446
170,655H,614D,0.8367993089890987
171,655H,614D,0.8367993089890987
172,655H,614D,0.8367993089890987
173,655H,145Y,0.516274498123548
174,655H,614D,0.8367993089890987
175,655H,614D,0.8367993089890987
176,655H,614D,0.8367993089890987
177,655H,614D,0.8367993089890987
178,655H,614D,0.8367993089890987
179,655H,614D,0.8367993089890987
180,655H,614D,0.8367993089890987
181,655H,613Q,0.6017781616727229
182,655H,614D,0.8367993089890987
183,655H,614D,0.8367993089890987
184,655H,346R,0.6300828021683446
185,655H,614D,0.8367993089890987
186,655H,614D,0.8367993089890987
187,655H,614D,0.8367993089890987
188,655H,614D,0.8367993089890987
189,655H,614D,0.8367993089890987
190,655H,614D,0.8367993089890987
191,655H,614D,0.8367993089890987
192,655H,614D,0.8367993089890987
193,655H,614D,0.8367993089890987
194,655H,614D,0.8367993089890987
195,655H,367V,0.647447429558587
196,655H,613Q,0.6017781616727229
197,655H,614D,0.8367993089890987
198,655H,614D,0.8367993089890987
199,655H,701A,0.6421486864835885
200,655H,516E,0.7058408292130816
201,655H,614D,0.8367993089890987
202,655H,701A,0.6421486864835885
203,655H,614D,0.8367993089890987
204,655H,614D,0.8367993089890987
205,655H,614D,0.8367993089890987
206,655H,701A,0.6421486864835885
207,655H,614D,0.8367993089890987
208,655H,614D,0.8367993089890987
209,655H,614D,0.8367993089890987
210,655H,614D,0.8367993089890987
211,655H,439N,0.4830166200035741
212,655H,614D,0.8367993089890987
213,655H,614D,0.8367993089890987
214,452L,501N,0.3644993149460892
215,452L,501N,0.3644993149460892
216,452L,501N,0.3644993149460892
217,452L,501N,0.3644993149460892
218,452L,501N,0.3644993149460892
219,452L,501N,0.3644993149460892
220,452L,501N,0.3644993149460892
221,452L,501N,0.3644993149460892
222,452L,501N,0.3644993149460892
223,452L,501N,0.3644993149460892
224,452L,384P,0.7249061773991778
225,452L,501N,0.3644993149460892
226,452L,501N,0.3644993149460892
227,452L,501N,0.3644993149460892
228,452L,501N,0.3644993149460892
229,478T,477S,0.2680645737773276
230,478T,477S,0.2680645737773276
231,478T,477S,0.2680645737773276
232,614D,67A,0.6456543754095432
233,614D,95T,0.6571781735867039
234,614D,339G,0.343935783642104
235,614D,371S,0.8363912551379042
236,614D,375S,0.7208464883540835
237,614D,440N,0.3338922976112467
238,614D,498Q,0.31418061595282054
239,614D,505Y,0.6258592958837195
240,614D,655H,0.8367993089890987
241,614D,796D,0.48007088818728777
242,614D,954Q,0.7485256448442247
243,614D,969N,0.707937689879073
244,614D,346R,0.5932656222076607
245,614D,145Y,0.5590397331268243
246,614D,655H,0.8367993089890987
247,614D,655H,0.8367993089890987
248,614D,613Q,0.6878298683505093
249,614D,346R,0.5932656222076607
250,614D,655H,0.8367993089890987
251,614D,367V,0.6684666706379936
252,614D,613Q,0.6878298683505093
253,614D,655H,0.8367993089890987
254,614D,655H,0.8367993089890987
255,614D,701A,0.6643533686781438
256,614D,516E,0.7810299636623578
257,614D,701A,0.6643533686781438
258,614D,701A,0.6643533686781438
259,614D,439N,0.5527044736998868
260,67A,95T,0.4507148388634061
261,67A,339G,0.5182760469410853
262,67A,371S,0.610612378626318
263,67A,375S,0.48106868410079223
264,67A,440N,0.4411062131411211
265,67A,498Q,0.3892714600583784
266,67A,505Y,0.3847888246857687
267,67A,614D,0.6456543754095432
268,67A,655H,0.6703699291118127
269,67A,796D,0.3914755465538809
270,67A,954Q,0.49117471853219746
271,67A,969N,0.4643593256686722
272,67A,346R,0.4530797641031751
273,67A,614D,0.6456543754095432
274,67A,614D,0.6456543754095432
275,67A,614D,0.6456543754095432
276,67A,222A,0.3359057604098409
277,67A,145Y,0.4758771668553046
278,67A,614D,0.6456543754095432
279,67A,614D,0.6456543754095432
280,67A,614D,0.6456543754095432
281,67A,655H,0.6703699291118127
282,67A,614D,0.6456543754095432
283,67A,614D,0.6456543754095432
284,67A,655H,0.6703699291118127
285,67A,614D,0.6456543754095432
286,67A,614D,0.6456543754095432
287,67A,613Q,0.44127003038065166
288,67A,614D,0.6456543754095432
289,67A,614D,0.6456543754095432
290,67A,346R,0.4530797641031751
291,67A,614D,0.6456543754095432
292,67A,614D,0.6456543754095432
293,67A,614D,0.6456543754095432
294,67A,614D,0.6456543754095432
295,67A,655H,0.6703699291118127
296,67A,614D,0.6456543754095432
297,67A,614D,0.6456543754095432
298,67A,614D,0.6456543754095432
299,67A,614D,0.6456543754095432
300,67A,614D,0.6456543754095432
301,67A,614D,0.6456543754095432
302,67A,367V,0.49502889140406253
303,67A,613Q,0.44127003038065166
304,67A,655H,0.6703699291118127
305,67A,655H,0.6703699291118127
306,67A,614D,0.6456543754095432
307,67A,614D,0.6456543754095432
308,67A,701A,0.4151992613331744
309,67A,516E,0.5062816465121821
310,67A,614D,0.6456543754095432
311,67A,701A,0.4151992613331744
312,67A,614D,0.6456543754095432
313,67A,614D,0.6456543754095432
314,67A,614D,0.6456543754095432
315,67A,701A,0.4151992613331744
316,67A,614D,0.6456543754095432
317,67A,614D,0.6456543754095432
318,67A,614D,0.6456543754095432
319,67A,614D,0.6456543754095432
320,67A,439N,0.6552540656460356
321,67A,614D,0.6456543754095432
322,67A,614D,0.6456543754095432
323,95T,142G,0.29236015964734613
324,95T,339G,0.371674510037529
325,95T,371S,0.5892148686483588
326,95T,375S,0.5683713587895395
327,95T,440N,0.3656698635849169
328,95T,498Q,0.3707094775719307
329,95T,505Y,0.5645380353845236
330,95T,614D,0.6571781735867039
331,95T,655H,0.5884345028891403
332,95T,796D,0.38960207303270383
333,95T,954Q,0.5146750461666766
334,95T,969N,0.6828319532971943
335,95T,346R,0.543271579198189
336,95T,614D,0.6571781735867039
337,95T,614D,0.6571781735867039
338,95T,614D,0.6571781735867039
339,95T,222A,0.32886757610055395
340,95T,145Y,0.5139929707511764
341,95T,614D,0.6571781735867039
342,95T,614D,0.6571781735867039
343,95T,614D,0.6571781735867039
344,95T,655H,0.5884345028891403
345,95T,614D,0.6571781735867039
346,95T,614D,0.6571781735867039
347,95T,655H,0.5884345028891403
348,95T,614D,0.6571781735867039
349,95T,614D,0.6571781735867039
350,95T,613Q,0.6550068505391077
351,95T,614D,0.6571781735867039
352,95T,614D,0.6571781735867039
353,95T,346R,0.543271579198189
354,95T,614D,0.6571781735867039
355,95T,614D,0.6571781735867039
356,95T,614D,0.6571781735867039
357,95T,614D,0.6571781735867039
358,95T,655H,0.5884345028891403
359,95T,614D,0.6571781735867039
360,95T,614D,0.6571781735867039
361,95T,614D,0.6571781735867039
362,95T,614D,0.6571781735867039
363,95T,614D,0.6571781735867039
364,95T,614D,0.6571781735867039
365,95T,367V,0.6686632513254304
366,95T,613Q,0.6550068505391077
367,95T,655H,0.5884345028891403
368,95T,655H,0.5884345028891403
369,95T,614D,0.6571781735867039
370,95T,614D,0.6571781735867039
371,95T,701A,0.564186572943349
372,95T,516E,0.7297134687555847
373,95T,614D,0.6571781735867039
374,95T,701A,0.564186572943349
375,95T,614D,0.6571781735867039
376,95T,614D,0.6571781735867039
377,95T,614D,0.6571781735867039
378,95T,701A,0.564186572943349
379,95T,614D,0.6571781735867039
380,95T,614D,0.6571781735867039
381,95T,614D,0.6571781735867039
382,95T,614D,0.6571781735867039
383,95T,439N,0.3866027283016619
384,95T,614D,0.6571781735867039
385,95T,614D,0.6571781735867039
386,142G,501N,0.28740990051825815
387,142G,501N,0.28740990051825815
388,142G,501N,0.28740990051825815
389,142G,501N,0.28740990051825815
390,142G,501N,0.28740990051825815
391,142G,501N,0.28740990051825815
392,142G,501N,0.28740990051825815
393,142G,501N,0.28740990051825815
394,142G,501N,0.28740990051825815
395,142G,501N,0.28740990051825815
396,142G,501N,0.28740990051825815
397,142G,501N,0.28740990051825815
398,142G,501N,0.28740990051825815
399,142G,501N,0.28740990051825815
400,339G,371S,0.3154434979448382
401,339G,375S,0.33665038422588905
402,339G,440N,0.4046345386310835
403,339G,498Q,0.6392714600583785
404,339G,614D,0.343935783642104
405,339G,655H,0.31376958360636203
406,339G,954Q,0.28401143742181445
407,339G,969N,0.3739709298862215
408,339G,346R,0.2858849109429915
409,339G,614D,0.343935783642104
410,339G,614D,0.343935783642104
411,339G,614D,0.343935783642104
412,339G,222A,0.49571096681956267
413,339G,145Y,0.41083576577113234
414,339G,614D,0.343935783642104
415,339G,614D,0.343935783642104
416,339G,614D,0.343935783642104
417,339G,655H,0.31376958360636203
418,339G,614D,0.343935783642104
419,339G,614D,0.343935783642104
420,339G,655H,0.31376958360636203
421,339G,614D,0.343935783642104
422,339G,614D,0.343935783642104
423,339G,613Q,0.36508310001787087
424,339G,614D,0.343935783642104
425,339G,614D,0.343935783642104
426,339G,346R,0.2858849109429915
427,339G,614D,0.343935783642104
428,339G,614D,0.343935783642104
429,339G,614D,0.343935783642104
430,339G,614D,0.343935783642104
431,339G,655H,0.31376958360636203
432,339G,614D,0.343935783642104
433,339G,614D,0.343935783642104
434,339G,614D,0.343935783642104
435,339G,614D,0.343935783642104
436,339G,614D,0.343935783642104
437,339G,614D,0.343935783642104
438,339G,367V,0.35231726931554175
439,339G,613Q,0.36508310001787087
440,339G,655H,0.31376958360636203
441,339G,655H,0.31376958360636203
442,339G,614D,0.343935783642104
443,339G,614D,0.343935783642104
444,339G,516E,0.42501340322868875
445,339G,614D,0.343935783642104
446,339G,614D,0.343935783642104
447,339G,614D,0.343935783642104
448,339G,614D,0.343935783642104
449,339G,614D,0.343935783642104
450,339G,614D,0.343935783642104
451,339G,614D,0.343935783642104
452,339G,614D,0.343935783642104
453,339G,439N,0.5188479180318103
454,339G,614D,0.343935783642104
455,339G,614D,0.343935783642104
456,371S,375S,0.6733394888902127
457,371S,440N,0.28387740513492576
458,371S,498Q,0.29784356942872453
459,371S,505Y,0.5626198844343837
460,371S,614D,0.8363912551379042
461,371S,655H,0.779579436468696
462,371S,796D,0.4449157085840233
463,371S,954Q,0.7354947280633823
464,371S,969N,0.7067075713349615
465,371S,346R,0.5278310597486151
466,371S,614D,0.8363912551379042
467,371S,614D,0.8363912551379042
468,371S,614D,0.8363912551379042
469,371S,145Y,0.5183564663132185
470,371S,614D,0.8363912551379042
471,371S,614D,0.8363912551379042
472,371S,614D,0.8363912551379042
473,371S,655H,0.779579436468696
474,371S,614D,0.8363912551379042
475,371S,614D,0.8363912551379042
476,371S,655H,0.779579436468696
477,371S,614D,0.8363912551379042
478,371S,614D,0.8363912551379042
479,371S,613Q,0.6856049323881575
480,371S,614D,0.8363912551379042
481,371S,614D,0.8363912551379042
482,371S,346R,0.5278310597486151
483,371S,614D,0.8363912551379042
484,371S,614D,0.8363912551379042
485,371S,614D,0.8363912551379042
486,371S,614D,0.8363912551379042
487,371S,655H,0.779579436468696
488,371S,614D,0.8363912551379042
489,371S,614D,0.8363912551379042
490,371S,614D,0.8363912551379042
491,371S,614D,0.8363912551379042
492,371S,614D,0.8363912551379042
493,371S,614D,0.8363912551379042
494,371S,367V,0.657550485494728
495,371S,613Q,0.6856049323881575
496,371S,655H,0.779579436468696
497,371S,655H,0.779579436468696
498,371S,614D,0.8363912551379042
499,371S,614D,0.8363912551379042
500,371S,701A,0.6229224995532257
501,371S,516E,0.6874337284803717
502,371S,614D,0.8363912551379042
503,371S,701A,0.6229224995532257
504,371S,614D,0.8363912551379042
505,371S,614D,0.8363912551379042
506,371S,614D,0.8363912551379042
507,371S,701A,0.6229224995532257
508,371S,614D,0.8363912551379042
509,371S,614D,0.8363912551379042
510,371S,614D,0.8363912551379042
511,371S,614D,0.8363912551379042
512,371S,439N,0.49320009531184844
513,371S,614D,0.8363912551379042
514,371S,614D,0.8363912551379042
515,375S,440N,0.2972270209090367
516,375S,498Q,0.28959909453743965
517,375S,505Y,0.5038035384523739
518,375S,614D,0.7208464883540835
519,375S,655H,0.6648626913683207
520,375S,796D,0.322323822005123
521,375S,954Q,0.6453922678262942
522,375S,969N,0.6154941323643295
523,375S,346R,0.5276076726038006
524,375S,614D,0.7208464883540835
525,375S,614D,0.7208464883540835
526,375S,614D,0.7208464883540835
527,375S,145Y,0.4587746470483112
528,375S,614D,0.7208464883540835
529,375S,614D,0.7208464883540835
530,375S,614D,0.7208464883540835
531,375S,655H,0.6648626913683207
532,375S,614D,0.7208464883540835
533,375S,614D,0.7208464883540835
534,375S,655H,0.6648626913683207
535,375S,614D,0.7208464883540835
536,375S,614D,0.7208464883540835
537,375S,613Q,0.6003961398701376
538,375S,614D,0.7208464883540835
539,375S,614D,0.7208464883540835
540,375S,346R,0.5276076726038006
541,375S,614D,0.7208464883540835
542,375S,614D,0.7208464883540835
543,375S,614D,0.7208464883540835
544,375S,614D,0.7208464883540835
545,375S,655H,0.6648626913683207
546,375S,614D,0.7208464883540835
547,375S,614D,0.7208464883540835
548,375S,614D,0.7208464883540835
549,375S,614D,0.7208464883540835
550,375S,614D,0.7208464883540835
551,375S,614D,0.7208464883540835
552,375S,367V,0.5892416751057366
553,375S,613Q,0.6003961398701376
554,375S,655H,0.6648626913683207
555,375S,655H,0.6648626913683207
556,375S,614D,0.7208464883540835
557,375S,614D,0.7208464883540835
558,375S,701A,0.5398909870733305
559,375S,516E,0.6948978376124382
560,375S,614D,0.7208464883540835
561,375S,701A,0.5398909870733305
562,375S,614D,0.7208464883540835
563,375S,614D,0.7208464883540835
564,375S,614D,0.7208464883540835
565,375S,701A,0.5398909870733305
566,375S,614D,0.7208464883540835
567,375S,614D,0.7208464883540835
568,375S,614D,0.7208464883540835
569,375S,614D,0.7208464883540835
570,375S,439N,0.3815482218383272
571,375S,614D,0.7208464883540835
572,375S,614D,0.7208464883540835
573,440N,498Q,0.41897897182343474
574,440N,505Y,0.34201465419669974
575,440N,614D,0.3338922976112467
576,440N,655H,0.2889319115982605
577,440N,796D,0.2928486328706737
578,440N,954Q,0.2821498778816941
579,440N,969N,0.27196044558289145
580,440N,614D,0.3338922976112467
581,440N,614D,0.3338922976112467
582,440N,614D,0.3338922976112467
583,440N,222A,0.31448144397450406
584,440N,145Y,0.33778519092154635
585,440N,614D,0.3338922976112467
586,440N,614D,0.3338922976112467
587,440N,614D,0.3338922976112467
588,440N,655H,0.2889319115982605
589,440N,614D,0.3338922976112467
590,440N,614D,0.3338922976112467
591,440N,655H,0.2889319115982605
592,440N,614D,0.3338922976112467
593,440N,614D,0.3338922976112467
594,440N,614D,0.3338922976112467
595,440N,614D,0.3338922976112467
596,440N,614D,0.3338922976112467
597,440N,614D,0.3338922976112467
598,440N,614D,0.3338922976112467
599,440N,614D,0.3338922976112467
600,440N,655H,0.2889319115982605
601,440N,614D,0.3338922976112467
602,440N,614D,0.3338922976112467
603,440N,614D,0.3338922976112467
604,440N,614D,0.3338922976112467
605,440N,614D,0.3338922976112467
606,440N,614D,0.3338922976112467
607,440N,367V,0.2740156073151843
608,440N,655H,0.2889319115982605
609,440N,655H,0.2889319115982605
610,440N,614D,0.3338922976112467
611,440N,614D,0.3338922976112467
612,440N,701A,0.3213677250253172
613,440N,516E,0.3114165723476499
614,440N,614D,0.3338922976112467
615,440N,701A,0.3213677250253172
616,440N,614D,0.3338922976112467
617,440N,614D,0.3338922976112467
618,440N,614D,0.3338922976112467
619,440N,701A,0.3213677250253172
620,440N,614D,0.3338922976112467
621,440N,614D,0.3338922976112467
622,440N,614D,0.3338922976112467
623,440N,614D,0.3338922976112467
624,440N,439N,0.5025674629177339
625,440N,614D,0.3338922976112467
626,440N,614D,0.3338922976112467
627,477S,478T,0.2680645737773276
628,477S,478T,0.2680645737773276
629,477S,478T,0.2680645737773276
630,477S,478T,0.2680645737773276
631,477S,478T,0.2680645737773276
632,477S,478T,0.2680645737773276
633,477S,478T,0.2680645737773276
634,478T,477S,0.2680645737773276
635,478T,477S,0.2680645737773276
636,484E,483V,0.2680645737773276
637,493Q,494S,0.2680645737773276
638,498Q,614D,0.31418061595282054
639,498Q,655H,0.2927562995174837
640,498Q,969N,0.3671323047596354
641,498Q,346R,0.30198963483648056
642,498Q,614D,0.31418061595282054
643,498Q,614D,0.31418061595282054
644,498Q,614D,0.31418061595282054
645,498Q,222A,0.4025257639840352
646,498Q,145Y,0.39362006314409953
647,498Q,614D,0.31418061595282054
648,498Q,614D,0.31418061595282054
649,498Q,614D,0.31418061595282054
650,498Q,655H,0.2927562995174837
651,498Q,614D,0.31418061595282054
652,498Q,614D,0.31418061595282054
653,498Q,655H,0.2927562995174837
654,498Q,614D,0.31418061595282054
655,498Q,614D,0.31418061595282054
656,498Q,613Q,0.37993685590039905
657,498Q,614D,0.31418061595282054
658,498Q,614D,0.31418061595282054
659,498Q,346R,0.30198963483648056
660,498Q,614D,0.31418061595282054
661,498Q,614D,0.31418061595282054
662,498Q,614D,0.31418061595282054
663,498Q,614D,0.31418061595282054
664,498Q,655H,0.2927562995174837
665,498Q,614D,0.31418061595282054
666,498Q,614D,0.31418061595282054
667,498Q,614D,0.31418061595282054
668,498Q,614D,0.31418061595282054
669,498Q,614D,0.31418061595282054
670,498Q,614D,0.31418061595282054
671,498Q,367V,0.36827008995055693
672,498Q,613Q,0.37993685590039905
673,498Q,655H,0.2927562995174837
674,498Q,655H,0.2927562995174837
675,498Q,614D,0.31418061595282054
676,498Q,614D,0.31418061595282054
677,498Q,516E,0.4195270149520462
678,498Q,614D,0.31418061595282054
679,498Q,614D,0.31418061595282054
680,498Q,614D,0.31418061595282054
681,498Q,614D,0.31418061595282054
682,498Q,614D,0.31418061595282054
683,498Q,614D,0.31418061595282054
684,498Q,614D,0.31418061595282054
685,498Q,614D,0.31418061595282054
686,498Q,439N,0.47240126288199197
687,498Q,614D,0.31418061595282054
688,498Q,614D,0.31418061595282054
689,501N,452L,0.3644993149460892
690,501N,452L,0.3644993149460892
691,501N,452L,0.3644993149460892
692,501N,452L,0.3644993149460892
693,501N,452L,0.3644993149460892
694,501N,452L,0.3644993149460892
695,501N,452L,0.3644993149460892
696,501N,452L,0.3644993149460892
697,501N,452L,0.3644993149460892
698,501N,452L,0.3644993149460892
699,501N,452L,0.3644993149460892
700,501N,452L,0.3644993149460892
701,501N,384P,0.3580776791564901
702,501N,452L,0.3644993149460892
703,501N,452L,0.3644993149460892
704,505Y,614D,0.6258592958837195
705,505Y,655H,0.5705248108655507
706,505Y,796D,0.3977661285518555
707,505Y,954Q,0.5649460892357181
708,505Y,969N,0.5941144933579555
709,505Y,346R,0.5190921546434741
710,505Y,614D,0.6258592958837195
711,505Y,614D,0.6258592958837195
712,505Y,614D,0.6258592958837195
713,505Y,145Y,0.4474444510633227
714,505Y,614D,0.6258592958837195
715,505Y,614D,0.6258592958837195
716,505Y,614D,0.6258592958837195
717,505Y,655H,0.5705248108655507
718,505Y,614D,0.6258592958837195
719,505Y,614D,0.6258592958837195
720,505Y,655H,0.5705248108655507
721,505Y,614D,0.6258592958837195
722,505Y,614D,0.6258592958837195
723,505Y,613Q,0.5746976827306844
724,505Y,614D,0.6258592958837195
725,505Y,614D,0.6258592958837195
726,505Y,346R,0.5190921546434741
727,505Y,614D,0.6258592958837195
728,505Y,614D,0.6258592958837195
729,505Y,614D,0.6258592958837195
730,505Y,614D,0.6258592958837195
731,505Y,655H,0.5705248108655507
732,505Y,614D,0.6258592958837195
733,505Y,614D,0.6258592958837195
734,505Y,614D,0.6258592958837195
735,505Y,614D,0.6258592958837195
736,505Y,614D,0.6258592958837195
737,505Y,614D,0.6258592958837195
738,505Y,367V,0.5413504497527848
739,505Y,613Q,0.5746976827306844
740,505Y,655H,0.5705248108655507
741,505Y,655H,0.5705248108655507
742,505Y,614D,0.6258592958837195
743,505Y,614D,0.6258592958837195
744,505Y,701A,0.677554059689045
745,505Y,516E,0.6026895812235659
746,505Y,614D,0.6258592958837195
747,505Y,701A,0.677554059689045
748,505Y,614D,0.6258592958837195
749,505Y,614D,0.6258592958837195
750,505Y,614D,0.6258592958837195
751,505Y,701A,0.677554059689045
752,505Y,614D,0.6258592958837195
753,505Y,614D,0.6258592958837195
754,505Y,614D,0.6258592958837195
755,505Y,614D,0.6258592958837195
756,505Y,439N,0.3465181390361589
757,505Y,614D,0.6258592958837195
758,505Y,614D,0.6258592958837195
759,614D,655H,0.8367993089890987
760,614D,796D,0.48007088818728777
761,614D,954Q,0.7485256448442247
762,614D,969N,0.707937689879073
763,614D,346R,0.5932656222076607
764,614D,145Y,0.5590397331268243
765,614D,655H,0.8367993089890987
766,614D,655H,0.8367993089890987
767,614D,613Q,0.6878298683505093
768,614D,346R,0.5932656222076607
769,614D,655H,0.8367993089890987
770,614D,367V,0.6684666706379936
771,614D,613Q,0.6878298683505093
772,614D,655H,0.8367993089890987
773,614D,655H,0.8367993089890987
774,614D,701A,0.6643533686781438
775,614D,516E,0.7810299636623578
776,614D,701A,0.6643533686781438
777,614D,701A,0.6643533686781438
778,614D,439N,0.5527044736998868
779,655H,796D,0.4386012986239351
780,655H,954Q,0.6400458688270686
781,655H,969N,0.6309972002144516
782,655H,346R,0.6300828021683446
783,655H,614D,0.8367993089890987
784,655H,614D,0.8367993089890987
785,655H,614D,0.8367993089890987
786,655H,145Y,0.516274498123548
787,655H,614D,0.8367993089890987
788,655H,614D,0.8367993089890987
789,655H,614D,0.8367993089890987
790,655H,614D,0.8367993089890987
791,655H,614D,0.8367993089890987
792,655H,614D,0.8367993089890987
793,655H,614D,0.8367993089890987
794,655H,613Q,0.6017781616727229
795,655H,614D,0.8367993089890987
796,655H,614D,0.8367993089890987
797,655H,346R,0.6300828021683446
798,655H,614D,0.8367993089890987
799,655H,614D,0.8367993089890987
800,655H,614D,0.8367993089890987
801,655H,614D,0.8367993089890987
802,655H,614D,0.8367993089890987
803,655H,614D,0.8367993089890987
804,655H,614D,0.8367993089890987
805,655H,614D,0.8367993089890987
806,655H,614D,0.8367993089890987
807,655H,614D,0.8367993089890987
808,655H,367V,0.647447429558587
809,655H,613Q,0.6017781616727229
810,655H,614D,0.8367993089890987
811,655H,614D,0.8367993089890987
812,655H,701A,0.6421486864835885
813,655H,516E,0.7058408292130816
814,655H,614D,0.8367993089890987
815,655H,701A,0.6421486864835885
816,655H,614D,0.8367993089890987
817,655H,614D,0.8367993089890987
818,655H,614D,0.8367993089890987
819,655H,701A,0.6421486864835885
820,655H,614D,0.8367993089890987
821,655H,614D,0.8367993089890987
822,655H,614D,0.8367993089890987
823,655H,614D,0.8367993089890987
824,655H,439N,0.4830166200035741
825,655H,614D,0.8367993089890987
826,655H,614D,0.8367993089890987
827,796D,954Q,0.4274021564305712
828,796D,969N,0.3694376600941204
829,796D,614D,0.48007088818728777
830,796D,614D,0.48007088818728777
831,796D,614D,0.48007088818728777
832,796D,614D,0.48007088818728777
833,796D,614D,0.48007088818728777
834,796D,614D,0.48007088818728777
835,796D,655H,0.4386012986239351
836,796D,614D,0.48007088818728777
837,796D,614D,0.48007088818728777
838,796D,655H,0.4386012986239351
839,796D,614D,0.48007088818728777
840,796D,614D,0.48007088818728777
841,796D,613Q,0.35716625960564713
842,796D,614D,0.48007088818728777
843,796D,614D,0.48007088818728777
844,796D,614D,0.48007088818728777
845,796D,614D,0.48007088818728777
846,796D,614D,0.48007088818728777
847,796D,614D,0.48007088818728777
848,796D,655H,0.4386012986239351
849,796D,614D,0.48007088818728777
850,796D,614D,0.48007088818728777
851,796D,614D,0.48007088818728777
852,796D,614D,0.48007088818728777
853,796D,614D,0.48007088818728777
854,796D,614D,0.48007088818728777
855,796D,367V,0.3443408589980341
856,796D,613Q,0.35716625960564713
857,796D,655H,0.4386012986239351
858,796D,655H,0.4386012986239351
859,796D,614D,0.48007088818728777
860,796D,614D,0.48007088818728777
861,796D,701A,0.39694704235420264
862,796D,516E,0.35612676475844396
863,796D,614D,0.48007088818728777
864,796D,701A,0.39694704235420264
865,796D,614D,0.48007088818728777
866,796D,614D,0.48007088818728777
867,796D,614D,0.48007088818728777
868,796D,701A,0.39694704235420264
869,796D,614D,0.48007088818728777
870,796D,614D,0.48007088818728777
871,796D,614D,0.48007088818728777
872,796D,614D,0.48007088818728777
873,796D,439N,0.32982963007088817
874,796D,614D,0.48007088818728777
875,796D,614D,0.48007088818728777
876,954Q,969N,0.6943646869601476
877,954Q,346R,0.4699708107464108
878,954Q,614D,0.7485256448442247
879,954Q,614D,0.7485256448442247
880,954Q,614D,0.7485256448442247
881,954Q,145Y,0.48351105021743007
882,954Q,614D,0.7485256448442247
883,954Q,614D,0.7485256448442247
884,954Q,614D,0.7485256448442247
885,954Q,655H,0.6400458688270686
886,954Q,614D,0.7485256448442247
887,954Q,614D,0.7485256448442247
888,954Q,655H,0.6400458688270686
889,954Q,614D,0.7485256448442247
890,954Q,614D,0.7485256448442247
891,954Q,613Q,0.6879073092273783
892,954Q,614D,0.7485256448442247
893,954Q,614D,0.7485256448442247
894,954Q,346R,0.4699708107464108
895,954Q,614D,0.7485256448442247
896,954Q,614D,0.7485256448442247
897,954Q,614D,0.7485256448442247
898,954Q,614D,0.7485256448442247
899,954Q,655H,0.6400458688270686
900,954Q,614D,0.7485256448442247
901,954Q,614D,0.7485256448442247
902,954Q,614D,0.7485256448442247
903,954Q,614D,0.7485256448442247
904,954Q,614D,0.7485256448442247
905,954Q,614D,0.7485256448442247
906,954Q,367V,0.5747393816643831
907,954Q,613Q,0.6879073092273783
908,954Q,655H,0.6400458688270686
909,954Q,655H,0.6400458688270686
910,954Q,614D,0.7485256448442247
911,954Q,614D,0.7485256448442247
912,954Q,701A,0.5551021623875618
913,954Q,516E,0.635938523857747
914,954Q,614D,0.7485256448442247
915,954Q,701A,0.5551021623875618
916,954Q,614D,0.7485256448442247
917,954Q,614D,0.7485256448442247
918,954Q,614D,0.7485256448442247
919,954Q,701A,0.5551021623875618
920,954Q,614D,0.7485256448442247
921,954Q,614D,0.7485256448442247
922,954Q,614D,0.7485256448442247
923,954Q,614D,0.7485256448442247
924,954Q,439N,0.44603562280335973
925,954Q,614D,0.7485256448442247
926,954Q,614D,0.7485256448442247
927,969N,346R,0.5823911359980938
928,969N,614D,0.707937689879073
929,969N,614D,0.707937689879073
930,969N,614D,0.707937689879073
931,969N,145Y,0.5299130279382855
932,969N,614D,0.707937689879073
933,969N,614D,0.707937689879073
934,969N,614D,0.707937689879073
935,969N,655H,0.6309972002144516
936,969N,614D,0.707937689879073
937,969N,614D,0.707937689879073
938,969N,655H,0.6309972002144516
939,969N,614D,0.707937689879073
940,969N,614D,0.707937689879073
941,969N,613Q,0.8808423184607137
942,969N,614D,0.707937689879073
943,969N,614D,0.707937689879073
944,969N,346R,0.5823911359980938
945,969N,614D,0.707937689879073
946,969N,614D,0.707937689879073
947,969N,614D,0.707937689879073
948,969N,614D,0.707937689879073
949,969N,655H,0.6309972002144516
950,969N,614D,0.707937689879073
951,969N,614D,0.707937689879073
952,969N,614D,0.707937689879073
953,969N,614D,0.707937689879073
954,969N,614D,0.707937689879073
955,969N,614D,0.707937689879073
956,969N,367V,0.7398016322154046
957,969N,613Q,0.8808423184607137
958,969N,655H,0.6309972002144516
959,969N,655H,0.6309972002144516
960,969N,614D,0.707937689879073
961,969N,614D,0.707937689879073
962,969N,701A,0.5487460534937749
963,969N,516E,0.8249508548281408
964,969N,614D,0.707937689879073
965,969N,701A,0.5487460534937749
966,969N,614D,0.707937689879073
967,969N,614D,0.707937689879073
968,969N,614D,0.707937689879073
969,969N,701A,0.5487460534937749
970,969N,614D,0.707937689879073
971,969N,614D,0.707937689879073
972,969N,614D,0.707937689879073
973,969N,614D,0.707937689879073
974,969N,439N,0.41255137904330724
975,969N,614D,0.707937689879073
976,969N,614D,0.707937689879073
977,346R,614D,0.5932656222076607
978,346R,614D,0.5932656222076607
979,346R,614D,0.5932656222076607
980,346R,145Y,0.468133079168404
981,346R,614D,0.5932656222076607
982,346R,614D,0.5932656222076607
983,346R,614D,0.5932656222076607
984,346R,655H,0.6300828021683446
985,346R,614D,0.5932656222076607
986,346R,614D,0.5932656222076607
987,346R,655H,0.6300828021683446
988,346R,614D,0.5932656222076607
989,346R,614D,0.5932656222076607
990,346R,613Q,0.5656519926133318
991,346R,614D,0.5932656222076607
992,346R,614D,0.5932656222076607
993,346R,614D,0.5932656222076607
994,346R,614D,0.5932656222076607
995,346R,614D,0.5932656222076607
996,346R,614D,0.5932656222076607
997,346R,655H,0.6300828021683446
998,346R,614D,0.5932656222076607
999,346R,614D,0.5932656222076607
1000,346R,614D,0.5932656222076607
1001,346R,614D,0.5932656222076607
1002,346R,614D,0.5932656222076607
1003,346R,614D,0.5932656222076607
1004,346R,367V,0.650944182998749
1005,346R,613Q,0.5656519926133318
1006,346R,655H,0.6300828021683446
1007,346R,655H,0.6300828021683446
1008,346R,614D,0.5932656222076607
1009,346R,614D,0.5932656222076607
1010,346R,701A,0.5172871865133735
1011,346R,516E,0.655152796807053
1012,346R,614D,0.5932656222076607
1013,346R,701A,0.5172871865133735
1014,346R,614D,0.5932656222076607
1015,346R,614D,0.5932656222076607
1016,346R,614D,0.5932656222076607
1017,346R,701A,0.5172871865133735
1018,346R,614D,0.5932656222076607
1019,346R,614D,0.5932656222076607
1020,346R,614D,0.5932656222076607
1021,346R,614D,0.5932656222076607
1022,346R,439N,0.3731846071364746
1023,346R,614D,0.5932656222076607
1024,346R,614D,0.5932656222076607
1025,484E,483V,0.2680645737773276
1026,501N,452L,0.3644993149460892
1027,501N,452L,0.3644993149460892
1028,501N,452L,0.3644993149460892
1029,501N,452L,0.3644993149460892
1030,501N,452L,0.3644993149460892
1031,501N,452L,0.3644993149460892
1032,501N,452L,0.3644993149460892
1033,501N,452L,0.3644993149460892
1034,501N,452L,0.3644993149460892
1035,501N,452L,0.3644993149460892
1036,501N,452L,0.3644993149460892
1037,501N,452L,0.3644993149460892
1038,501N,384P,0.3580776791564901
1039,501N,452L,0.3644993149460892
1040,501N,452L,0.3644993149460892
1041,614D,145Y,0.5590397331268243
1042,614D,655H,0.8367993089890987
1043,614D,655H,0.8367993089890987
1044,614D,613Q,0.6878298683505093
1045,614D,346R,0.5932656222076607
1046,614D,655H,0.8367993089890987
1047,614D,367V,0.6684666706379936
1048,614D,613Q,0.6878298683505093
1049,614D,655H,0.8367993089890987
1050,614D,655H,0.8367993089890987
1051,614D,701A,0.6643533686781438
1052,614D,516E,0.7810299636623578
1053,614D,701A,0.6643533686781438
1054,614D,701A,0.6643533686781438
1055,614D,439N,0.5527044736998868
1056,452L,501N,0.3644993149460892
1057,452L,501N,0.3644993149460892
1058,452L,501N,0.3644993149460892
1059,452L,501N,0.3644993149460892
1060,452L,501N,0.3644993149460892
1061,452L,501N,0.3644993149460892
1062,452L,501N,0.3644993149460892
1063,452L,501N,0.3644993149460892
1064,452L,384P,0.7249061773991778
1065,452L,501N,0.3644993149460892
1066,452L,501N,0.3644993149460892
1067,452L,501N,0.3644993149460892
1068,452L,501N,0.3644993149460892
1069,614D,145Y,0.5590397331268243
1070,614D,655H,0.8367993089890987
1071,614D,655H,0.8367993089890987
1072,614D,613Q,0.6878298683505093
1073,614D,346R,0.5932656222076607
1074,614D,655H,0.8367993089890987
1075,614D,367V,0.6684666706379936
1076,614D,613Q,0.6878298683505093
1077,614D,655H,0.8367993089890987
1078,614D,655H,0.8367993089890987
1079,614D,701A,0.6643533686781438
1080,614D,516E,0.7810299636623578
1081,614D,701A,0.6643533686781438
1082,614D,701A,0.6643533686781438
1083,614D,439N,0.5527044736998868
1084,452L,501N,0.3644993149460892
1085,452L,501N,0.3644993149460892
1086,452L,501N,0.3644993149460892
1087,452L,501N,0.3644993149460892
1088,452L,501N,0.3644993149460892
1089,452L,501N,0.3644993149460892
1090,452L,501N,0.3644993149460892
1091,452L,501N,0.3644993149460892
1092,452L,384P,0.7249061773991778
1093,452L,501N,0.3644993149460892
1094,452L,501N,0.3644993149460892
1095,452L,501N,0.3644993149460892
1096,452L,501N,0.3644993149460892
1097,478T,477S,0.2680645737773276
1098,478T,477S,0.2680645737773276
1099,614D,145Y,0.5590397331268243
1100,614D,655H,0.8367993089890987
1101,614D,655H,0.8367993089890987
1102,614D,613Q,0.6878298683505093
1103,614D,346R,0.5932656222076607
1104,614D,655H,0.8367993089890987
1105,614D,367V,0.6684666706379936
1106,614D,613Q,0.6878298683505093
1107,614D,655H,0.8367993089890987
1108,614D,655H,0.8367993089890987
1109,614D,701A,0.6643533686781438
1110,614D,516E,0.7810299636623578
1111,614D,701A,0.6643533686781438
1112,614D,701A,0.6643533686781438
1113,614D,439N,0.5527044736998868
1114,222A,439N,0.3209209507356883
1115,145Y,614D,0.5590397331268243
1116,145Y,614D,0.5590397331268243
1117,145Y,614D,0.5590397331268243
1118,145Y,655H,0.516274498123548
1119,145Y,614D,0.5590397331268243
1120,145Y,614D,0.5590397331268243
1121,145Y,655H,0.516274498123548
1122,145Y,614D,0.5590397331268243
1123,145Y,614D,0.5590397331268243
1124,145Y,613Q,0.5203252516828498
1125,145Y,614D,0.5590397331268243
1126,145Y,614D,0.5590397331268243
1127,145Y,346R,0.468133079168404
1128,145Y,614D,0.5590397331268243
1129,145Y,614D,0.5590397331268243
1130,145Y,614D,0.5590397331268243
1131,145Y,614D,0.5590397331268243
1132,145Y,655H,0.516274498123548
1133,145Y,614D,0.5590397331268243
1134,145Y,614D,0.5590397331268243
1135,145Y,614D,0.5590397331268243
1136,145Y,614D,0.5590397331268243
1137,145Y,614D,0.5590397331268243
1138,145Y,614D,0.5590397331268243
1139,145Y,367V,0.5525108715077143
1140,145Y,613Q,0.5203252516828498
1141,145Y,655H,0.516274498123548
1142,145Y,655H,0.516274498123548
1143,145Y,614D,0.5590397331268243
1144,145Y,614D,0.5590397331268243
1145,145Y,701A,0.44426043962590095
1146,145Y,516E,0.5807053076785607
1147,145Y,614D,0.5590397331268243
1148,145Y,701A,0.44426043962590095
1149,145Y,614D,0.5590397331268243
1150,145Y,614D,0.5590397331268243
1151,145Y,614D,0.5590397331268243
1152,145Y,701A,0.44426043962590095
1153,145Y,614D,0.5590397331268243
1154,145Y,614D,0.5590397331268243
1155,145Y,614D,0.5590397331268243
1156,145Y,614D,0.5590397331268243
1157,145Y,439N,0.4750372311908024
1158,145Y,614D,0.5590397331268243
1159,145Y,614D,0.5590397331268243
1160,452L,501N,0.3644993149460892
1161,452L,501N,0.3644993149460892
1162,452L,501N,0.3644993149460892
1163,452L,501N,0.3644993149460892
1164,452L,501N,0.3644993149460892
1165,452L,501N,0.3644993149460892
1166,452L,501N,0.3644993149460892
1167,452L,501N,0.3644993149460892
1168,452L,384P,0.7249061773991778
1169,452L,501N,0.3644993149460892
1170,452L,501N,0.3644993149460892
1171,452L,501N,0.3644993149460892
1172,452L,501N,0.3644993149460892
1173,614D,655H,0.8367993089890987
1174,614D,655H,0.8367993089890987
1175,614D,613Q,0.6878298683505093
1176,614D,346R,0.5932656222076607
1177,614D,655H,0.8367993089890987
1178,614D,367V,0.6684666706379936
1179,614D,613Q,0.6878298683505093
1180,614D,655H,0.8367993089890987
1181,614D,655H,0.8367993089890987
1182,614D,701A,0.6643533686781438
1183,614D,516E,0.7810299636623578
1184,614D,701A,0.6643533686781438
1185,614D,701A,0.6643533686781438
1186,614D,439N,0.5527044736998868
1187,484E,483V,0.2680645737773276
1188,614D,655H,0.8367993089890987
1189,614D,655H,0.8367993089890987
1190,614D,613Q,0.6878298683505093
1191,614D,346R,0.5932656222076607
1192,614D,655H,0.8367993089890987
1193,614D,367V,0.6684666706379936
1194,614D,613Q,0.6878298683505093
1195,614D,655H,0.8367993089890987
1196,614D,655H,0.8367993089890987
1197,614D,701A,0.6643533686781438
1198,614D,516E,0.7810299636623578
1199,614D,701A,0.6643533686781438
1200,614D,701A,0.6643533686781438
1201,614D,439N,0.5527044736998868
1202,614D,655H,0.8367993089890987
1203,614D,655H,0.8367993089890987
1204,614D,613Q,0.6878298683505093
1205,614D,346R,0.5932656222076607
1206,614D,655H,0.8367993089890987
1207,614D,367V,0.6684666706379936
1208,614D,613Q,0.6878298683505093
1209,614D,655H,0.8367993089890987
1210,614D,655H,0.8367993089890987
1211,614D,701A,0.6643533686781438
1212,614D,516E,0.7810299636623578
1213,614D,701A,0.6643533686781438
1214,614D,701A,0.6643533686781438
1215,614D,439N,0.5527044736998868
1216,484E,483V,0.2680645737773276
1217,655H,614D,0.8367993089890987
1218,655H,614D,0.8367993089890987
1219,655H,614D,0.8367993089890987
1220,655H,614D,0.8367993089890987
1221,655H,613Q,0.6017781616727229
1222,655H,614D,0.8367993089890987
1223,655H,614D,0.8367993089890987
1224,655H,346R,0.6300828021683446
1225,655H,614D,0.8367993089890987
1226,655H,614D,0.8367993089890987
1227,655H,614D,0.8367993089890987
1228,655H,614D,0.8367993089890987
1229,655H,614D,0.8367993089890987
1230,655H,614D,0.8367993089890987
1231,655H,614D,0.8367993089890987
1232,655H,614D,0.8367993089890987
1233,655H,614D,0.8367993089890987
1234,655H,614D,0.8367993089890987
1235,655H,367V,0.647447429558587
1236,655H,613Q,0.6017781616727229
1237,655H,614D,0.8367993089890987
1238,655H,614D,0.8367993089890987
1239,655H,701A,0.6421486864835885
1240,655H,516E,0.7058408292130816
1241,655H,614D,0.8367993089890987
1242,655H,701A,0.6421486864835885
1243,655H,614D,0.8367993089890987
1244,655H,614D,0.8367993089890987
1245,655H,614D,0.8367993089890987
1246,655H,701A,0.6421486864835885
1247,655H,614D,0.8367993089890987
1248,655H,614D,0.8367993089890987
1249,655H,614D,0.8367993089890987
1250,655H,614D,0.8367993089890987
1251,655H,439N,0.4830166200035741
1252,655H,614D,0.8367993089890987
1253,655H,614D,0.8367993089890987
1254,501N,452L,0.3644993149460892
1255,501N,452L,0.3644993149460892
1256,501N,452L,0.3644993149460892
1257,501N,452L,0.3644993149460892
1258,501N,452L,0.3644993149460892
1259,501N,452L,0.3644993149460892
1260,501N,452L,0.3644993149460892
1261,501N,452L,0.3644993149460892
1262,501N,452L,0.3644993149460892
1263,501N,384P,0.3580776791564901
1264,501N,452L,0.3644993149460892
1265,501N,452L,0.3644993149460892
1266,452L,501N,0.3644993149460892
1267,452L,501N,0.3644993149460892
1268,452L,501N,0.3644993149460892
1269,452L,501N,0.3644993149460892
1270,452L,501N,0.3644993149460892
1271,452L,501N,0.3644993149460892
1272,452L,501N,0.3644993149460892
1273,452L,384P,0.7249061773991778
1274,452L,501N,0.3644993149460892
1275,452L,501N,0.3644993149460892
1276,452L,501N,0.3644993149460892
1277,452L,501N,0.3644993149460892
1278,478T,477S,0.2680645737773276
1279,478T,477S,0.2680645737773276
1280,614D,655H,0.8367993089890987
1281,614D,613Q,0.6878298683505093
1282,614D,346R,0.5932656222076607
1283,614D,655H,0.8367993089890987
1284,614D,367V,0.6684666706379936
1285,614D,613Q,0.6878298683505093
1286,614D,655H,0.8367993089890987
1287,614D,655H,0.8367993089890987
1288,614D,701A,0.6643533686781438
1289,614D,516E,0.7810299636623578
1290,614D,701A,0.6643533686781438
1291,614D,701A,0.6643533686781438
1292,614D,439N,0.5527044736998868
1293,614D,655H,0.8367993089890987
1294,614D,613Q,0.6878298683505093
1295,614D,346R,0.5932656222076607
1296,614D,655H,0.8367993089890987
1297,614D,367V,0.6684666706379936
1298,614D,613Q,0.6878298683505093
1299,614D,655H,0.8367993089890987
1300,614D,655H,0.8367993089890987
1301,614D,701A,0.6643533686781438
1302,614D,516E,0.7810299636623578
1303,614D,701A,0.6643533686781438
1304,614D,701A,0.6643533686781438
1305,614D,439N,0.5527044736998868
1306,484E,483V,0.2680645737773276
1307,655H,614D,0.8367993089890987
1308,655H,614D,0.8367993089890987
1309,655H,613Q,0.6017781616727229
1310,655H,614D,0.8367993089890987
1311,655H,614D,0.8367993089890987
1312,655H,346R,0.6300828021683446
1313,655H,614D,0.8367993089890987
1314,655H,614D,0.8367993089890987
1315,655H,614D,0.8367993089890987
1316,655H,614D,0.8367993089890987
1317,655H,614D,0.8367993089890987
1318,655H,614D,0.8367993089890987
1319,655H,614D,0.8367993089890987
1320,655H,614D,0.8367993089890987
1321,655H,614D,0.8367993089890987
1322,655H,614D,0.8367993089890987
1323,655H,367V,0.647447429558587
1324,655H,613Q,0.6017781616727229
1325,655H,614D,0.8367993089890987
1326,655H,614D,0.8367993089890987
1327,655H,701A,0.6421486864835885
1328,655H,516E,0.7058408292130816
1329,655H,614D,0.8367993089890987
1330,655H,701A,0.6421486864835885
1331,655H,614D,0.8367993089890987
1332,655H,614D,0.8367993089890987
1333,655H,614D,0.8367993089890987
1334,655H,701A,0.6421486864835885
1335,655H,614D,0.8367993089890987
1336,655H,614D,0.8367993089890987
1337,655H,614D,0.8367993089890987
1338,655H,614D,0.8367993089890987
1339,655H,439N,0.4830166200035741
1340,655H,614D,0.8367993089890987
1341,655H,614D,0.8367993089890987
1342,501N,452L,0.3644993149460892
1343,501N,452L,0.3644993149460892
1344,501N,452L,0.3644993149460892
1345,501N,452L,0.3644993149460892
1346,501N,452L,0.3644993149460892
1347,501N,452L,0.3644993149460892
1348,501N,452L,0.3644993149460892
1349,501N,452L,0.3644993149460892
1350,501N,384P,0.3580776791564901
1351,501N,452L,0.3644993149460892
1352,501N,452L,0.3644993149460892
1353,449Y,450N,0.2680645737773276
1354,452L,501N,0.3644993149460892
1355,452L,501N,0.3644993149460892
1356,452L,501N,0.3644993149460892
1357,452L,501N,0.3644993149460892
1358,452L,501N,0.3644993149460892
1359,452L,501N,0.3644993149460892
1360,452L,384P,0.7249061773991778
1361,452L,501N,0.3644993149460892
1362,452L,501N,0.3644993149460892
1363,452L,501N,0.3644993149460892
1364,452L,501N,0.3644993149460892
1365,478T,477S,0.2680645737773276
1366,478T,477S,0.2680645737773276
1367,614D,613Q,0.6878298683505093
1368,614D,346R,0.5932656222076607
1369,614D,655H,0.8367993089890987
1370,614D,367V,0.6684666706379936
1371,614D,613Q,0.6878298683505093
1372,614D,655H,0.8367993089890987
1373,614D,655H,0.8367993089890987
1374,614D,701A,0.6643533686781438
1375,614D,516E,0.7810299636623578
1376,614D,701A,0.6643533686781438
1377,614D,701A,0.6643533686781438
1378,614D,439N,0.5527044736998868
1379,484E,483V,0.2680645737773276
1380,452L,501N,0.3644993149460892
1381,452L,501N,0.3644993149460892
1382,452L,501N,0.3644993149460892
1383,452L,501N,0.3644993149460892
1384,452L,501N,0.3644993149460892
1385,452L,501N,0.3644993149460892
1386,452L,384P,0.7249061773991778
1387,452L,501N,0.3644993149460892
1388,452L,501N,0.3644993149460892
1389,452L,501N,0.3644993149460892
1390,452L,501N,0.3644993149460892
1391,478T,477S,0.2680645737773276
1392,478T,477S,0.2680645737773276
1393,614D,613Q,0.6878298683505093
1394,614D,346R,0.5932656222076607
1395,614D,655H,0.8367993089890987
1396,614D,367V,0.6684666706379936
1397,614D,613Q,0.6878298683505093
1398,614D,655H,0.8367993089890987
1399,614D,655H,0.8367993089890987
1400,614D,701A,0.6643533686781438
1401,614D,516E,0.7810299636623578
1402,614D,701A,0.6643533686781438
1403,614D,701A,0.6643533686781438
1404,614D,439N,0.5527044736998868
1405,613Q,614D,0.6878298683505093
1406,613Q,614D,0.6878298683505093
1407,613Q,346R,0.5656519926133318
1408,613Q,614D,0.6878298683505093
1409,613Q,614D,0.6878298683505093
1410,613Q,614D,0.6878298683505093
1411,613Q,614D,0.6878298683505093
1412,613Q,655H,0.6017781616727229
1413,613Q,614D,0.6878298683505093
1414,613Q,614D,0.6878298683505093
1415,613Q,614D,0.6878298683505093
1416,613Q,614D,0.6878298683505093
1417,613Q,614D,0.6878298683505093
1418,613Q,614D,0.6878298683505093
1419,613Q,367V,0.7123964972895693
1420,613Q,655H,0.6017781616727229
1421,613Q,655H,0.6017781616727229
1422,613Q,614D,0.6878298683505093
1423,613Q,614D,0.6878298683505093
1424,613Q,701A,0.5279055221302198
1425,613Q,516E,0.808229582414964
1426,613Q,614D,0.6878298683505093
1427,613Q,701A,0.5279055221302198
1428,613Q,614D,0.6878298683505093
1429,613Q,614D,0.6878298683505093
1430,613Q,614D,0.6878298683505093
1431,613Q,701A,0.5279055221302198
1432,613Q,614D,0.6878298683505093
1433,613Q,614D,0.6878298683505093
1434,613Q,614D,0.6878298683505093
1435,613Q,614D,0.6878298683505093
1436,613Q,439N,0.4149133257878119
1437,613Q,614D,0.6878298683505093
1438,613Q,614D,0.6878298683505093
1439,452L,501N,0.3644993149460892
1440,452L,501N,0.3644993149460892
1441,452L,501N,0.3644993149460892
1442,452L,501N,0.3644993149460892
1443,452L,501N,0.3644993149460892
1444,452L,501N,0.3644993149460892
1445,452L,384P,0.7249061773991778
1446,452L,501N,0.3644993149460892
1447,452L,501N,0.3644993149460892
1448,452L,501N,0.3644993149460892
1449,452L,501N,0.3644993149460892
1450,478T,477S,0.2680645737773276
1451,478T,477S,0.2680645737773276
1452,614D,346R,0.5932656222076607
1453,614D,655H,0.8367993089890987
1454,614D,367V,0.6684666706379936
1455,614D,613Q,0.6878298683505093
1456,614D,655H,0.8367993089890987
1457,614D,655H,0.8367993089890987
1458,614D,701A,0.6643533686781438
1459,614D,516E,0.7810299636623578
1460,614D,701A,0.6643533686781438
1461,614D,701A,0.6643533686781438
1462,614D,439N,0.5527044736998868
1463,614D,346R,0.5932656222076607
1464,614D,655H,0.8367993089890987
1465,614D,367V,0.6684666706379936
1466,614D,613Q,0.6878298683505093
1467,614D,655H,0.8367993089890987
1468,614D,655H,0.8367993089890987
1469,614D,701A,0.6643533686781438
1470,614D,516E,0.7810299636623578
1471,614D,701A,0.6643533686781438
1472,614D,701A,0.6643533686781438
1473,614D,439N,0.5527044736998868
1474,501N,452L,0.3644993149460892
1475,501N,452L,0.3644993149460892
1476,501N,452L,0.3644993149460892
1477,501N,452L,0.3644993149460892
1478,501N,452L,0.3644993149460892
1479,501N,384P,0.3580776791564901
1480,501N,452L,0.3644993149460892
1481,501N,452L,0.3644993149460892
1482,346R,614D,0.5932656222076607
1483,346R,614D,0.5932656222076607
1484,346R,614D,0.5932656222076607
1485,346R,614D,0.5932656222076607
1486,346R,655H,0.6300828021683446
1487,346R,614D,0.5932656222076607
1488,346R,614D,0.5932656222076607
1489,346R,614D,0.5932656222076607
1490,346R,614D,0.5932656222076607
1491,346R,614D,0.5932656222076607
1492,346R,614D,0.5932656222076607
1493,346R,367V,0.650944182998749
1494,346R,613Q,0.5656519926133318
1495,346R,655H,0.6300828021683446
1496,346R,655H,0.6300828021683446
1497,346R,614D,0.5932656222076607
1498,346R,614D,0.5932656222076607
1499,346R,701A,0.5172871865133735
1500,346R,516E,0.655152796807053
1501,346R,614D,0.5932656222076607
1502,346R,701A,0.5172871865133735
1503,346R,614D,0.5932656222076607
1504,346R,614D,0.5932656222076607
1505,346R,614D,0.5932656222076607
1506,346R,701A,0.5172871865133735
1507,346R,614D,0.5932656222076607
1508,346R,614D,0.5932656222076607
1509,346R,614D,0.5932656222076607
1510,346R,614D,0.5932656222076607
1511,346R,439N,0.3731846071364746
1512,346R,614D,0.5932656222076607
1513,346R,614D,0.5932656222076607
1514,449Y,450N,0.2680645737773276
1515,501N,452L,0.3644993149460892
1516,501N,452L,0.3644993149460892
1517,501N,452L,0.3644993149460892
1518,501N,452L,0.3644993149460892
1519,501N,452L,0.3644993149460892
1520,501N,384P,0.3580776791564901
1521,501N,452L,0.3644993149460892
1522,501N,452L,0.3644993149460892
1523,614D,655H,0.8367993089890987
1524,614D,367V,0.6684666706379936
1525,614D,613Q,0.6878298683505093
1526,614D,655H,0.8367993089890987
1527,614D,655H,0.8367993089890987
1528,614D,701A,0.6643533686781438
1529,614D,516E,0.7810299636623578
1530,614D,701A,0.6643533686781438
1531,614D,701A,0.6643533686781438
1532,614D,439N,0.5527044736998868
1533,484E,483V,0.2680645737773276
1534,501N,452L,0.3644993149460892
1535,501N,452L,0.3644993149460892
1536,501N,452L,0.3644993149460892
1537,501N,452L,0.3644993149460892
1538,501N,452L,0.3644993149460892
1539,501N,384P,0.3580776791564901
1540,501N,452L,0.3644993149460892
1541,501N,452L,0.3644993149460892
1542,614D,655H,0.8367993089890987
1543,614D,367V,0.6684666706379936
1544,614D,613Q,0.6878298683505093
1545,614D,655H,0.8367993089890987
1546,614D,655H,0.8367993089890987
1547,614D,701A,0.6643533686781438
1548,614D,516E,0.7810299636623578
1549,614D,701A,0.6643533686781438
1550,614D,701A,0.6643533686781438
1551,614D,439N,0.5527044736998868
1552,452L,501N,0.3644993149460892
1553,452L,501N,0.3644993149460892
1554,452L,501N,0.3644993149460892
1555,452L,384P,0.7249061773991778
1556,452L,501N,0.3644993149460892
1557,452L,501N,0.3644993149460892
1558,452L,501N,0.3644993149460892
1559,452L,501N,0.3644993149460892
1560,614D,655H,0.8367993089890987
1561,614D,367V,0.6684666706379936
1562,614D,613Q,0.6878298683505093
1563,614D,655H,0.8367993089890987
1564,614D,655H,0.8367993089890987
1565,614D,701A,0.6643533686781438
1566,614D,516E,0.7810299636623578
1567,614D,701A,0.6643533686781438
1568,614D,701A,0.6643533686781438
1569,614D,439N,0.5527044736998868
1570,483V,484E,0.2680645737773276
1571,483V,484E,0.2680645737773276
1572,483V,484E,0.2680645737773276
1573,483V,484E,0.2680645737773276
1574,483V,484E,0.2680645737773276
1575,483V,484E,0.2680645737773276
1576,483V,484E,0.2680645737773276
1577,483V,484E,0.2680645737773276
1578,483V,484E,0.2680645737773276
1579,483V,484E,0.2680645737773276
1580,483V,484E,0.2680645737773276
1581,483V,484E,0.2680645737773276
1582,483V,484E,0.2680645737773276
1583,614D,655H,0.8367993089890987
1584,614D,367V,0.6684666706379936
1585,614D,613Q,0.6878298683505093
1586,614D,655H,0.8367993089890987
1587,614D,655H,0.8367993089890987
1588,614D,701A,0.6643533686781438
1589,614D,516E,0.7810299636623578
1590,614D,701A,0.6643533686781438
1591,614D,701A,0.6643533686781438
1592,614D,439N,0.5527044736998868
1593,655H,614D,0.8367993089890987
1594,655H,614D,0.8367993089890987
1595,655H,614D,0.8367993089890987
1596,655H,614D,0.8367993089890987
1597,655H,614D,0.8367993089890987
1598,655H,614D,0.8367993089890987
1599,655H,367V,0.647447429558587
1600,655H,613Q,0.6017781616727229
1601,655H,614D,0.8367993089890987
1602,655H,614D,0.8367993089890987
1603,655H,701A,0.6421486864835885
1604,655H,516E,0.7058408292130816
1605,655H,614D,0.8367993089890987
1606,655H,701A,0.6421486864835885
1607,655H,614D,0.8367993089890987
1608,655H,614D,0.8367993089890987
1609,655H,614D,0.8367993089890987
1610,655H,701A,0.6421486864835885
1611,655H,614D,0.8367993089890987
1612,655H,614D,0.8367993089890987
1613,655H,614D,0.8367993089890987
1614,655H,614D,0.8367993089890987
1615,655H,439N,0.4830166200035741
1616,655H,614D,0.8367993089890987
1617,655H,614D,0.8367993089890987
1618,669G,653A,0.3840680288318341
1619,614D,367V,0.6684666706379936
1620,614D,613Q,0.6878298683505093
1621,614D,655H,0.8367993089890987
1622,614D,655H,0.8367993089890987
1623,614D,701A,0.6643533686781438
1624,614D,516E,0.7810299636623578
1625,614D,701A,0.6643533686781438
1626,614D,701A,0.6643533686781438
1627,614D,439N,0.5527044736998868
1628,501N,452L,0.3644993149460892
1629,501N,452L,0.3644993149460892
1630,501N,452L,0.3644993149460892
1631,501N,452L,0.3644993149460892
1632,501N,384P,0.3580776791564901
1633,501N,452L,0.3644993149460892
1634,501N,452L,0.3644993149460892
1635,614D,367V,0.6684666706379936
1636,614D,613Q,0.6878298683505093
1637,614D,655H,0.8367993089890987
1638,614D,655H,0.8367993089890987
1639,614D,701A,0.6643533686781438
1640,614D,516E,0.7810299636623578
1641,614D,701A,0.6643533686781438
1642,614D,701A,0.6643533686781438
1643,614D,439N,0.5527044736998868
1644,452L,501N,0.3644993149460892
1645,452L,501N,0.3644993149460892
1646,452L,384P,0.7249061773991778
1647,452L,501N,0.3644993149460892
1648,452L,501N,0.3644993149460892
1649,452L,501N,0.3644993149460892
1650,452L,501N,0.3644993149460892
1651,614D,367V,0.6684666706379936
1652,614D,613Q,0.6878298683505093
1653,614D,655H,0.8367993089890987
1654,614D,655H,0.8367993089890987
1655,614D,701A,0.6643533686781438
1656,614D,516E,0.7810299636623578
1657,614D,701A,0.6643533686781438
1658,614D,701A,0.6643533686781438
1659,614D,439N,0.5527044736998868
1660,477S,478T,0.2680645737773276
1661,614D,367V,0.6684666706379936
1662,614D,613Q,0.6878298683505093
1663,614D,655H,0.8367993089890987
1664,614D,655H,0.8367993089890987
1665,614D,701A,0.6643533686781438
1666,614D,516E,0.7810299636623578
1667,614D,701A,0.6643533686781438
1668,614D,701A,0.6643533686781438
1669,614D,439N,0.5527044736998868
1670,452L,501N,0.3644993149460892
1671,452L,501N,0.3644993149460892
1672,452L,384P,0.7249061773991778
1673,452L,501N,0.3644993149460892
1674,452L,501N,0.3644993149460892
1675,452L,501N,0.3644993149460892
1676,452L,501N,0.3644993149460892
1677,614D,367V,0.6684666706379936
1678,614D,613Q,0.6878298683505093
1679,614D,655H,0.8367993089890987
1680,614D,655H,0.8367993089890987
1681,614D,701A,0.6643533686781438
1682,614D,516E,0.7810299636623578
1683,614D,701A,0.6643533686781438
1684,614D,701A,0.6643533686781438
1685,614D,439N,0.5527044736998868
1686,614D,367V,0.6684666706379936
1687,614D,613Q,0.6878298683505093
1688,614D,655H,0.8367993089890987
1689,614D,655H,0.8367993089890987
1690,614D,701A,0.6643533686781438
1691,614D,516E,0.7810299636623578
1692,614D,701A,0.6643533686781438
1693,614D,701A,0.6643533686781438
1694,614D,439N,0.5527044736998868
1695,367V,613Q,0.7123964972895693
1696,367V,655H,0.647447429558587
1697,367V,655H,0.647447429558587
1698,367V,614D,0.6684666706379936
1699,367V,614D,0.6684666706379936
1700,367V,701A,0.5405224280693394
1701,367V,516E,0.7660779174361112
1702,367V,614D,0.6684666706379936
1703,367V,701A,0.5405224280693394
1704,367V,614D,0.6684666706379936
1705,367V,614D,0.6684666706379936
1706,367V,614D,0.6684666706379936
1707,367V,701A,0.5405224280693394
1708,367V,614D,0.6684666706379936
1709,367V,614D,0.6684666706379936
1710,367V,614D,0.6684666706379936
1711,367V,614D,0.6684666706379936
1712,367V,439N,0.38251921129445404
1713,367V,614D,0.6684666706379936
1714,367V,614D,0.6684666706379936
1715,613Q,655H,0.6017781616727229
1716,613Q,655H,0.6017781616727229
1717,613Q,614D,0.6878298683505093
1718,613Q,614D,0.6878298683505093
1719,613Q,701A,0.5279055221302198
1720,613Q,516E,0.808229582414964
1721,613Q,614D,0.6878298683505093
1722,613Q,701A,0.5279055221302198
1723,613Q,614D,0.6878298683505093
1724,613Q,614D,0.6878298683505093
1725,613Q,614D,0.6878298683505093
1726,613Q,701A,0.5279055221302198
1727,613Q,614D,0.6878298683505093
1728,613Q,614D,0.6878298683505093
1729,613Q,614D,0.6878298683505093
1730,613Q,614D,0.6878298683505093
1731,613Q,439N,0.4149133257878119
1732,613Q,614D,0.6878298683505093
1733,613Q,614D,0.6878298683505093
1734,452L,501N,0.3644993149460892
1735,452L,501N,0.3644993149460892
1736,452L,384P,0.7249061773991778
1737,452L,501N,0.3644993149460892
1738,452L,501N,0.3644993149460892
1739,452L,501N,0.3644993149460892
1740,452L,501N,0.3644993149460892
1741,501N,452L,0.3644993149460892
1742,501N,384P,0.3580776791564901
1743,501N,452L,0.3644993149460892
1744,501N,452L,0.3644993149460892
1745,655H,614D,0.8367993089890987
1746,655H,614D,0.8367993089890987
1747,655H,701A,0.6421486864835885
1748,655H,516E,0.7058408292130816
1749,655H,614D,0.8367993089890987
1750,655H,701A,0.6421486864835885
1751,655H,614D,0.8367993089890987
1752,655H,614D,0.8367993089890987
1753,655H,614D,0.8367993089890987
1754,655H,701A,0.6421486864835885
1755,655H,614D,0.8367993089890987
1756,655H,614D,0.8367993089890987
1757,655H,614D,0.8367993089890987
1758,655H,614D,0.8367993089890987
1759,655H,439N,0.4830166200035741
1760,655H,614D,0.8367993089890987
1761,655H,614D,0.8367993089890987
1762,501N,452L,0.3644993149460892
1763,501N,384P,0.3580776791564901
1764,501N,452L,0.3644993149460892
1765,501N,452L,0.3644993149460892
1766,655H,614D,0.8367993089890987
1767,655H,614D,0.8367993089890987
1768,655H,701A,0.6421486864835885
1769,655H,516E,0.7058408292130816
1770,655H,614D,0.8367993089890987
1771,655H,701A,0.6421486864835885
1772,655H,614D,0.8367993089890987
1773,655H,614D,0.8367993089890987
1774,655H,614D,0.8367993089890987
1775,655H,701A,0.6421486864835885
1776,655H,614D,0.8367993089890987
1777,655H,614D,0.8367993089890987
1778,655H,614D,0.8367993089890987
1779,655H,614D,0.8367993089890987
1780,655H,439N,0.4830166200035741
1781,655H,614D,0.8367993089890987
1782,655H,614D,0.8367993089890987
1783,452L,384P,0.7249061773991778
1784,452L,501N,0.3644993149460892
1785,452L,501N,0.3644993149460892
1786,452L,501N,0.3644993149460892
1787,452L,501N,0.3644993149460892
1788,614D,701A,0.6643533686781438
1789,614D,516E,0.7810299636623578
1790,614D,701A,0.6643533686781438
1791,614D,701A,0.6643533686781438
1792,614D,439N,0.5527044736998868
1793,384P,501N,0.3580776791564901
1794,384P,501N,0.3580776791564901
1795,384P,452L,0.7249061773991778
1796,384P,501N,0.3580776791564901
1797,384P,501N,0.3580776791564901
1798,384P,452L,0.7249061773991778
1799,501N,452L,0.3644993149460892
1800,501N,452L,0.3644993149460892
1801,614D,701A,0.6643533686781438
1802,614D,516E,0.7810299636623578
1803,614D,701A,0.6643533686781438
1804,614D,701A,0.6643533686781438
1805,614D,439N,0.5527044736998868
1806,701A,516E,0.6217400369333412
1807,701A,614D,0.6643533686781438
1808,701A,614D,0.6643533686781438
1809,701A,614D,0.6643533686781438
1810,701A,614D,0.6643533686781438
1811,701A,614D,0.6643533686781438
1812,701A,614D,0.6643533686781438
1813,701A,614D,0.6643533686781438
1814,701A,614D,0.6643533686781438
1815,701A,439N,0.37294334902007503
1816,701A,614D,0.6643533686781438
1817,701A,614D,0.6643533686781438
1818,501N,452L,0.3644993149460892
1819,501N,452L,0.3644993149460892
1820,516E,614D,0.7810299636623578
1821,516E,701A,0.6217400369333412
1822,516E,614D,0.7810299636623578
1823,516E,614D,0.7810299636623578
1824,516E,614D,0.7810299636623578
1825,516E,701A,0.6217400369333412
1826,516E,614D,0.7810299636623578
1827,516E,614D,0.7810299636623578
1828,516E,614D,0.7810299636623578
1829,516E,614D,0.7810299636623578
1830,516E,439N,0.459081432060523
1831,516E,614D,0.7810299636623578
1832,516E,614D,0.7810299636623578
1833,614D,701A,0.6643533686781438
1834,614D,701A,0.6643533686781438
1835,614D,439N,0.5527044736998868
1836,701A,614D,0.6643533686781438
1837,701A,614D,0.6643533686781438
1838,701A,614D,0.6643533686781438
1839,701A,614D,0.6643533686781438
1840,701A,614D,0.6643533686781438
1841,701A,614D,0.6643533686781438
1842,701A,614D,0.6643533686781438
1843,701A,439N,0.37294334902007503
1844,701A,614D,0.6643533686781438
1845,701A,614D,0.6643533686781438
1846,452L,501N,0.3644993149460892
1847,452L,501N,0.3644993149460892
1848,501N,452L,0.3644993149460892
1849,614D,701A,0.6643533686781438
1850,614D,439N,0.5527044736998868
1851,501N,452L,0.3644993149460892
1852,614D,701A,0.6643533686781438
1853,614D,439N,0.5527044736998868
1854,614D,701A,0.6643533686781438
1855,614D,439N,0.5527044736998868
1856,701A,614D,0.6643533686781438
1857,701A,614D,0.6643533686781438
1858,701A,614D,0.6643533686781438
1859,701A,614D,0.6643533686781438
1860,701A,439N,0.37294334902007503
1861,701A,614D,0.6643533686781438
1862,701A,614D,0.6643533686781438
1863,614D,439N,0.5527044736998868
1864,477S,478T,0.2680645737773276
1865,614D,439N,0.5527044736998868
1866,614D,439N,0.5527044736998868
1867,614D,439N,0.5527044736998868
1868,439N,614D,0.5527044736998868
1869,439N,614D,0.5527044736998868
