0,477S
1,888F
2,24L
3,732T
4,346R
5,677Q
6,157F
7,653A
8,613Q
9,954Q
10,969N
11,367V
12,152W
13,856N
14,614D
15,570A
16,408R
17,655H
18,1130I
19,486F
20,417K
21,211N
22,716T
23,339G
24,5L
25,439N
26,1101H
27,246R
28,505Y
29,1176V
30,1118D
31,547T
32,701A
33,142G
34,516E
35,1092E
36,1219G
37,981L
38,138D
39,440N
40,373S
41,490F
42,245H
43,376T
44,501N
45,496G
46,13S
47,190R
48,213V
49,384P
50,19T
51,484E
52,95T
53,26P
54,982S
55,18L
56,126V
57,449Y
58,20T
59,222A
60,9P
61,253D
62,375S
63,796D
64,80D
65,215D
66,67A
67,136C
68,679N
69,764N
70,478T
71,452L
72,950D
73,494S
74,156E
75,493Q
76,145Y
77,859T
78,75G
79,52Q
80,405D
81,1027T
82,498Q
83,1071Q
84,371S
85,76T
86,780E
87,681P
88,1139D
