,a1,a2,co-conservation,edge centrality,BFE,stability
0,S477N,T478K,0.2680645737773276,0.0048837243771213444,7.967290722345,-0.362
1,N440K,N969K,0.2719604455828915,0.000636094601471293,6.399540647905,-0.3295
2,N440K,Q954H,0.2821498778816941,0.00023591081336119798,7.22831324428,-0.4415
3,T376A,D405N,0.2824298564365282,0.00016674324504587293,7.40503583488,-1.529
4,N211I,L452X,0.28260260916185137,8.02837846517166e-05,6.84233306562,
5,S371L,N440K,0.28387740513492576,0.00012845405544274654,7.452728267425,-0.199
6,S371F,N440K,0.28387740513492576,0.00012845405544274654,7.64246356325,-0.2615
7,G339D,Q954H,0.28401143742181445,0.00011733783910635502,6.651514988,-0.18100000000000002
8,G142D,N501Y,0.28740990051825815,0.00011980810940333092,6.193211994255,-2.8840000000000003
9,N440K,H655Y,0.2889319115982605,3.087837871219869e-05,,-0.40449999999999997
10,S375F,Q498R,0.28959909453743965,7.657837920625275e-05,7.292083325365001,-0.4275
11,D405N,D614G,0.28986418061595276,8.151891980020454e-05,7.646473139885,-0.8225
12,T95I,G142D,0.2923601596473461,4.94054059395179e-06,6.432856661925,-2.9810000000000003
13,Q498R,H655Y,0.2927562995174837,2.470270296975895e-05,,-0.6074999999999999
14,N440K,D796Y,0.2928486328706737,4.5700000494054063e-05,6.56852129411,-0.2275
15,S375F,N440K,0.2972270209090367,2.3467567821271004e-05,7.622263152055,-0.2245
16,S371F,Q498R,0.2978435694287246,3.952432475161432e-05,7.3122837365599995,-0.4645
17,S371L,Q498R,0.2978435694287246,3.952432475161432e-05,7.122548440735001,-0.402
18,N211I,D796Y,0.301084172276166,8.645946039415633e-06,6.61486686554,-0.161
19,D405N,R408S,0.3021683445523321,3.581891930615048e-05,7.563774419005,-0.8375
20,T376A,N440K,0.3027759575862274,2.099729752429511e-05,7.414458179225,-1.002
21,R408S,N440K,0.3056919044498719,7.4108108909276855e-06,7.5731967633499995,-0.3105
22,G339D,H655Y,0.31376958360636203,4.94054059395179e-06,,-0.144
23,Q498R,D614G,0.3141806159528206,1.2351351484879475e-05,7.32571565754,-0.4985
24,D405N,Y505H,0.314389110621314,1.7291892078831267e-05,7.18334762675,-0.886
25,G339D,S371L,0.3154434979448382,7.4108108909276855e-06,6.875930011145,0.0615
26,G339D,S371F,0.3154434979448382,7.4108108909276855e-06,7.06566530697,-0.0010000000000000009
27,S375F,D796Y,0.32232382200512294,3.7054054454638427e-06,6.881159004315,-0.113
28,S375F,D405N,0.32330374694704234,1.3586486633367424e-05,7.6128408077100005,-0.7515000000000001
29,N440K,D614G,0.3338922976112467,1.2351351484879476e-06,7.655895484229999,-0.2955
30,G339D,S375F,0.33665038422588905,2.470270296975895e-06,7.045464895775,0.036
31,N440K,Y505H,0.3420146541966998,1.2351351484879476e-06,7.192769971095,-0.359
32,G339D,D614G,0.343935783642104,2.470270296975895e-06,7.079097227949999,-0.035
33,P384L,N501Y,0.3580776791564901,9.88108118790358e-06,6.192559071830001,-0.581
34,T376A,D796Y,0.35921546434741164,2.470270296975895e-06,6.673354031485,-0.8905000000000001
35,L452R,N501Y,0.3644993149460892,1.7291892078831267e-05,6.086838443865,-0.96
36,N501Y,L452X,0.3644993149460892,1.7291892078831267e-05,6.2049959158900005,
37,T95I,N440K,0.3656698635849169,1.2351351484879476e-06,6.9582785312199995,-0.763
38,R408S,D796Y,0.3667004229463275,2.470270296975895e-06,6.83209261561,-0.19899999999999998
39,Q498R,N969K,0.3671323047596354,4.446486534556611e-05,6.069360821215,-0.5325
40,D796Y,N969K,0.3694376600941204,1.4821621781855371e-05,5.658436500165,-0.218
41,T95I,Q498R,0.37070947757193057,6.1756757424397375e-06,6.62809870453,-0.966
42,T95I,G339D,0.371674510037529,2.470270296975895e-06,6.3814802749399995,-0.5025000000000001
43,N211I,N440K,0.3726901769226187,2.470270296975895e-06,7.35597101328,-0.2725
44,G339D,N969K,0.3739709298862214,1.4821621781855371e-05,5.822742391625,-0.069
45,N211I,D405N,0.383323405015786,3.7054054454638427e-06,7.346548668935,-0.7995
46,A67V,Y505H,0.3847888246857687,1.2351351484879476e-06,6.12979023316,-0.836
47,N211I,Y505H,0.38623041639363787,2.470270296975895e-06,7.239115542525,-0.2925
48,A67V,Q498R,0.3892714600583784,7.4108108909276855e-06,5.916465877225001,-1.019
49,T95I,D796Y,0.38960207303270383,2.470270296975895e-06,6.21717438348,-0.6515000000000001
50,R408S,Q498R,0.39078155715732404,6.1756757424397375e-06,7.24301693666,-0.5135
51,A67V,D796Y,0.3914755465538809,2.470270296975895e-06,5.505541556175,-0.7045
52,T376A,Q498R,0.3918240304997914,6.1756757424397375e-06,7.084278352535,-1.205
53,Y505H,D796Y,0.3977661285518555,2.470270296975895e-06,6.451665823355,-0.2475
54,D405N,Q498R,0.39835587061416566,5.18756762364938e-05,6.970023270815,-1.069
55,G339D,T376A,0.39921367725025314,2.470270296975895e-06,6.837659922945,-0.7415
56,G339D,N440K,0.4046345386310835,1.2351351484879476e-06,6.73282718557,-0.07850000000000001
57,G339D,R408S,0.40872699112408406,2.470270296975895e-06,6.996398507069999,-0.04999999999999999
58,N440K,Q498R,0.41897897182343474,6.1756757424397375e-06,6.9794456151599995,-0.542
59,D796Y,Q954H,0.4274021564305712,9.88108118790358e-06,6.48720909654,-0.33
60,N211I,Q954H,0.43363614701852615,3.7054054454638427e-06,7.27465881571,-0.375
61,H655Y,D796Y,0.4386012986239351,3.7054054454638427e-06,,-0.293
62,A67V,N440K,0.4411062131411211,1.2351351484879476e-06,6.246645703915,-0.816
63,S371F,D796Y,0.4449157085840233,4.94054059395179e-06,6.90135941551,-0.15
64,S371L,D796Y,0.4449157085840233,4.94054059395179e-06,6.711624119685,-0.0875
65,A67V,T95I,0.4507148388634062,1.2351351484879476e-06,5.895298793285001,-1.24
66,A67V,N969K,0.4643593256686721,7.4108108909276855e-06,5.33656090997,-0.8065
67,N211I,S375F,0.47663370465240956,1.2351351484879476e-06,7.668608723485001,-0.158
68,D614G,D796Y,0.48007088818728777,2.470270296975895e-06,6.9147913364899996,-0.184
69,A67V,S375F,0.48106868410079223,1.2351351484879476e-06,6.55928341412,-0.7015
70,N211I,H655Y,0.4842407815571573,2.470270296975895e-06,,-0.33799999999999997
71,N211I,S371F,0.48693334127598736,3.7054054454638427e-06,7.68880913468,-0.195
72,N211I,S371L,0.48693334127598736,3.7054054454638427e-06,7.499073838855001,-0.1325
73,A67V,Q954H,0.49117471853219746,3.7054054454638427e-06,6.165333506345,-0.9185
74,S375F,Y505H,0.5038035384523738,1.2351351484879476e-06,7.5054076812999995,-0.2445
75,N211I,Q498R,0.507565377971049,6.1756757424397375e-06,7.02579118659,-0.4755
76,T95I,Q954H,0.5146750461666766,3.7054054454638427e-06,6.8769663336499995,-0.8655
77,A67V,G339D,0.5182760469410853,1.2351351484879476e-06,5.669847447635,-0.5555
78,N211I,D614G,0.5188091975933758,1.2351351484879476e-06,7.70224105566,-0.22899999999999998
79,N211I,G339D,0.5315095013998928,1.2351351484879476e-06,6.7791727569999995,-0.011999999999999997
80,D405N,N440K,0.5325370822660392,8.645946039415633e-06,7.300203097504999,-0.866
81,G339D,D405N,0.5349377494489783,1.2351351484879476e-06,6.723404841224999,-0.6055
82,T95I,N211I,0.5357330076845177,1.2351351484879476e-06,7.00462410265,-0.6965
83,N439K,D614G,0.5527044736998868,1.2351351484879476e-06,7.503259635825,-1.1145
84,D614G,Y145H,0.5590397331268243,2.470270296975895e-06,7.259739899365,-1.3535
85,S371L,Y505H,0.5626198844343837,2.470270296975895e-06,7.3358727966699995,-0.219
86,S371F,Y505H,0.5626198844343837,2.470270296975895e-06,7.525608092495,-0.2815
87,T95I,Y505H,0.5645380353845237,1.2351351484879476e-06,6.841423060465,-0.783
88,Y505H,Q954H,0.5649460892357181,3.7054054454638427e-06,7.111457773525,-0.4615
89,T95I,S375F,0.5683713587895395,1.2351351484879476e-06,7.270916241425001,-0.6485000000000001
90,Y505H,H655Y,0.5705248108655507,1.2351351484879476e-06,,-0.4245
91,R408S,Y505H,0.5878924167510573,0.0,7.456341292595,-0.3305
92,T95I,H655Y,0.5884345028891405,0.0,,-0.8285
93,T95I,S371L,0.5892148686483588,2.470270296975895e-06,7.101381356795001,-0.623
94,T376A,Y505H,0.5925358908679335,0.0,7.29760270847,-1.022
95,R346K,D614G,0.5932656222076607,0.0,7.5612659276150005,-0.1575
96,Y505H,N969K,0.5941144933579555,0.0,6.28268517715,-0.34950000000000003
97,T376A,Q954H,0.6074551736462739,0.0,7.333145981655,-1.1045
98,A67V,S371L,0.610612378626318,0.0,6.38974852949,-0.6759999999999999
99,S375F,N969K,0.6154941323643295,0.0,6.71217835811,-0.215
100,N211I,N969K,0.618302853398463,0.0,6.445886219335,-0.263
101,R408S,Q954H,0.6205218323702865,0.0,7.4918845657799995,-0.41300000000000003
102,N211I,R408S,0.6209745636504438,1.2351351484879476e-06,7.61954233478,-0.244
103,A67V,N211I,0.621549413236433,0.0,6.292991275345001,-0.7494999999999999
104,E516Q,A701V,0.6217400369333412,0.0,7.030769929125,-0.542
105,Y505H,D614G,0.6258592958837196,0.0,7.539040013475,-0.3155
106,H655Y,N969K,0.6309972002144516,0.0,,-0.395
107,G339D,Q498R,0.6392714600583784,0.0,6.4026473588799995,-0.2815
108,H655Y,Q954H,0.6400458688270686,0.0,,-0.507
109,S375F,Q954H,0.6453922678262941,0.0,7.540950954485,-0.327
110,A67V,D614G,0.6456543754095431,1.2351351484879476e-06,6.5929157462950005,-0.7725
111,N211I,T376A,0.6467593971525585,0.0,7.460803750655,-0.9355
112,S375F,R408S,0.6559778399952344,0.0,7.885834473555001,-0.19599999999999998
113,T95I,D614G,0.6571781735867039,0.0,7.3045485736,-0.7195
114,D614G,A701V,0.6643533686781438,0.0,7.8651058233499995,-0.309
115,S375F,H655Y,0.6648626913683207,0.0,,-0.29
116,S375F,T376A,0.6681747781021028,0.0,7.72709588943,-0.8875000000000001
117,A67V,H655Y,0.6703699291118127,0.0,,-0.8815
118,S371F,R408S,0.6713558110442605,0.0,7.9060348847499995,-0.23299999999999998
119,S371L,S375F,0.6733394888902127,0.0,7.76536597763,-0.08449999999999999
120,S371F,S375F,0.6733394888902127,0.0,7.955101273455,-0.147
121,S371F,T376A,0.6754840054804313,0.0,7.747296300625,-0.9245
122,T95I,N969K,0.6828319532971941,0.0,6.048193737275,-0.7535000000000001
123,R408S,H655Y,0.68657294334902,0.0,,-0.376
124,Q954H,N969K,0.6943646869601477,0.0,6.318228450335,-0.43200000000000005
125,S371F,N969K,0.7067075713349615,0.0,6.732378769305,-0.252
126,S371L,N969K,0.7067075713349615,0.0,6.54264347348,-0.1895
127,D614G,N969K,0.707937689879073,0.0,6.7458106902849995,-0.28600000000000003
128,V367F,Q613H,0.7123964972895693,0.0,7.551846876579999,-0.504
129,S375F,D614G,0.7208464883540835,0.0,7.968533194435,-0.181
130,T376A,H655Y,0.7341871686424017,0.0,,-1.0675
131,S371F,Q954H,0.7354947280633823,0.0,7.56115136568,-0.364
132,S371L,Q954H,0.7354947280633823,0.0,7.371416069855,-0.3015
133,R408S,D614G,0.73762435217728,0.0,7.91946680573,-0.267
134,D614G,Q954H,0.7485256448442247,0.0,7.574583286659999,-0.398
135,T376A,D614G,0.7489753976291178,0.0,7.7607282216049995,-0.9585
136,S371L,H655Y,0.779579436468696,0.0,,-0.26449999999999996
137,S371F,H655Y,0.779579436468696,0.0,,-0.32699999999999996
138,E516Q,D614G,0.7810299636623578,0.0,7.167829632385,-0.485
139,R408S,N969K,0.7841246202418538,0.0,6.663111969405,-0.301
140,T376A,N969K,0.7995025912908799,0.0,6.50437338528,-0.9925
141,S371L,D614G,0.8363912551379042,0.0,7.798998309805,-0.1555
142,S371F,D614G,0.8363912551379042,0.0,7.988733605629999,-0.218
143,D614G,H655Y,0.8367993089890987,0.0,,-0.361
144,T376A,R408S,0.8559420980520641,0.0,7.678029500725,-0.9735
