name,aa,degree,weighted degree,average weighted degree,conservation,normalized conservation,closeness centrality,betweenness centrality,degree centrality,page rank,average shortest length in variant,average shortest length in sampled data,BFE,stability
Y449H,449Y,2,0.5361291475546552,0.2680645737773276,0.0,0.0,0.7855773840067849,0.0015933573821435112,0.0015723270440251573,0.0005110634707232594,4.08,4.00166,7.68207783961,-0.965
F486V,486F,2,0.5361291475546552,0.2680645737773276,0.0,0.0,1.020964108057698,0.007619167792408296,0.0015723270440251573,0.0003509601531869723,3.1,3.01752,6.18452718871,-0.874
P681R,681P,2,0.5361291475546552,0.2680645737773276,0.0,0.0,0.5458440981211967,0.0003364854098936607,0.0015723270440251573,0.0006965920673727334,5.78,5.958019999999999,6.47130272669,-0.195
P681H,681P,2,0.5361291475546552,0.2680645737773276,0.0,0.0,0.5458440981211967,0.0003364854098936607,0.0015723270440251573,0.0006965920673727334,5.78,5.958019999999999,6.17464176537,-0.269
Q677H,677Q,2,0.5361291475546552,0.2680645737773276,0.0,0.0,0.7874541875292737,0.004378021564756122,0.0015723270440251573,0.0005421590773452121,3.96,3.95552,6.12222949675,-1.428
Q493R,493Q,2,0.5361291475546552,0.2680645737773276,0.0,0.0,0.5139634185027746,1.8556180692665115e-05,0.0015723270440251573,0.00071006559573225,6.58,7.07492,8.22784415192,-0.308
F490S,490F,2,0.5361291475546552,0.2680645737773276,0.0,0.0,0.7874937501422388,0.003778038389026617,0.0015723270440251573,0.0005427620560599271,4.24,4.5082,6.90556968045,-0.606
G446S,446G,2,0.5361291475546552,0.2680645737773276,0.0,0.0,0.7591896776482044,0.0015488225484811147,0.0015723270440251573,0.0005127150120008035,4.56,4.7392199999999995,7.23629447661,-0.95
N679K,679N,2,0.5361291475546552,0.2680645737773276,0.0,0.0,0.5551261102069719,0.0012605832083883834,0.0015723270440251573,0.0006965959811984095,5.8,5.9365,7.41450497346,-0.549
S494P,494S,2,0.5361291475546552,0.2680645737773276,0.0,0.0,0.5863644976415622,0.0009352315069103217,0.0015723270440251573,0.0006966997703068464,5.72,6.1015,6.45926393955,-0.4
G496S,496G,2,0.5361291475546552,0.2680645737773276,0.0,0.0,0.8518221036721595,0.004052669863278061,0.0015723270440251573,0.000542329215741312,3.94,4.1188,7.08117292821,-0.728
T478K,478T,2,0.5361291475546552,0.2680645737773276,0.0,0.0,0.5949335228002253,0.0033265046588384327,0.0015723270440251573,0.0006614174812204053,5.78,6.1125,8.03663908854,-0.577
E484A,484E,2,0.5361291475546552,0.2680645737773276,0.0,0.0,0.6622228164039536,0.004506677750891934,0.0015723270440251573,0.0006521313315168708,4.98,4.996359999999998,7.70565610506,-1.399
E484Q,484E,2,0.5361291475546552,0.2680645737773276,0.0,0.0,0.6622228164039536,0.004506677750891934,0.0015723270440251573,0.0006521313315168708,4.98,4.996359999999998,6.2596070198,-0.719
E484K,484E,2,0.5361291475546552,0.2680645737773276,0.0,0.0,0.6622228164039536,0.004506677750891934,0.0015723270440251573,0.0006521313315168708,4.98,4.996359999999998,6.89921397308,-1.024
S477N,477S,2,0.5361291475546552,0.2680645737773276,0.0,0.0,0.7064340198574611,0.004882749679596614,0.0015723270440251573,0.0005625217459898756,4.86,5.12338,7.89794235615,-0.147
G142D,142G,36,10.83456543754095,0.30096015104280416,1.048,0.025025025025025016,1.1279389332638672,0.0011776989346278125,0.02830188679245283,0.0002313129424586201,2.92,2.84774,6.25878170326,-4.775
R346K,346R,511,265.3183058318937,0.5192139057375611,1.251,0.1266266266266266,1.3590864669884624,0.0023343675311372713,0.40172955974842767,0.0013502584991092561,2.24,2.0073000000000003,7.12036632862,-0.063
L452Q,452L,41,15.40614761422529,0.3757596979079339,1.324,0.16316316316316315,1.2370750937439488,0.000936468585623166,0.03223270440251572,0.0007430581758471229,2.72,2.79274,6.18880948734,-2.675
L452X,452L,41,15.40614761422529,0.3757596979079339,1.324,0.16316316316316315,1.2370750937439488,0.000936468585623166,0.03223270440251572,0.0007430581758471229,2.72,2.79274,6.28234954653,
L452R,452L,41,15.40614761422529,0.3757596979079339,1.324,0.16316316316316315,1.2370750937439488,0.000936468585623166,0.03223270440251572,0.0007430581758471229,2.72,2.79274,6.04603460248,-0.927
Y145H,145Y,514,242.82414963960204,0.47242052459066547,1.345,0.1736736736736737,1.3920000342637118,0.0023863248370767334,0.40408805031446543,0.001235030400839361,2.14,2.00446,6.51731427212,-2.455
A222V,222A,107,38.93556323345445,0.3638837685369575,1.38,0.1911911911911911,1.3014802289484169,0.00027586855296428804,0.08411949685534592,0.0003425796920677188,2.62,2.6903200000000003,7.09344754446,0.298
N501Y,501N,12,3.6463215583487214,0.30386012986239347,1.385,0.1936936936936937,1.197562931685953,7.175056534497177e-05,0.009433962264150945,0.00021560548432957057,2.84,2.88732,6.12764228525,-0.993
N501T,501N,12,3.6463215583487214,0.30386012986239347,1.385,0.1936936936936937,1.197562931685953,7.175056534497177e-05,0.009433962264150945,0.00021560548432957057,2.84,2.88732,6.65944304375,-1.074
A67V,67A,509,244.81653958420205,0.4809755198117918,1.399,0.20070070070070067,1.3974875058901624,0.0005183359806817788,0.4001572327044025,0.0011651052215728287,2.08,2.01162,5.18366596598,-1.293
N440K,440N,405,131.71868112229697,0.3252313114130789,1.419,0.21071071071071068,1.5920843826798539,0.010212703313886457,0.31839622641509435,0.0007012857212699341,2.2,2.1674,7.30962544185,-0.339
V213G,213V,5,1.3922112348841362,0.27844224697682723,1.419,0.21071071071071068,1.0441575766517588,3.2164046533952865e-05,0.003930817610062893,0.00020259353105679635,3.04,2.93848,8.00617022103,-1.789
N211I,211N,534,263.4372639542503,0.49332820965215407,1.424,0.21321321321321318,1.3785086739023586,0.000587612388601062,0.419811320754717,0.0013437676029331989,2.04,1.9732600000000002,7.40231658471,-0.206
K417N,417K,6,1.626067790552213,0.2710112984253688,1.426,0.21421421421421416,0.9453892215706704,0.00024246742771749083,0.004716981132075472,0.00032010466992874826,3.82,3.68444,7.3492027058,-0.878
K417T,417K,6,1.626067790552213,0.2710112984253688,1.426,0.21421421421421416,0.9453892215706704,0.00024246742771749083,0.004716981132075472,0.00032010466992874826,3.82,3.68444,7.82045464604,-0.763
S373P,373S,2,0.5361291475546552,0.2680645737773276,1.47,0.23623623623623624,1.0196359750035198,1.237078712844341e-06,0.0015723270440251573,0.0001200009385719207,3.16,2.98024,6.14436645649,-0.316
T95I,95T,546,299.018308810389,0.5476525802388077,1.471,0.23673673673673679,1.3527668278164702,9.896629702754727e-06,0.42924528301886794,0.0014385419961602862,2.08,1.9479000000000002,6.60693162059,-1.187
Q498R,498Q,434,152.9343926848156,0.3523833932829853,1.488,0.24524524524524527,1.5564584399926895,0.01119154184542454,0.34119496855345915,0.0009325163157076091,2.18,2.1367800000000003,6.64926578847,-0.745
G339D,339G,426,158.69180020253765,0.37251596291675504,1.494,0.2482482482482482,1.5262516825582433,0.003131046222209027,0.3349056603773585,0.0008690187487969022,2.24,2.13922,6.15602892929,0.182
N439K,439N,508,212.29776315005657,0.4179089825788515,1.516,0.2592592592592593,1.493211458888433,0.00045153373018818444,0.39937106918238996,0.001043394776189033,2.08,2.01824,7.00435374504,-1.977
Y505H,505Y,514,258.4524364091261,0.5028257517687278,1.52,0.26126126126126126,1.3765465719175944,3.587528267248589e-05,0.40408805031446543,0.001211767242461529,2.24,1.98964,7.07591450034,-0.379
D796Y,796D,361,134.62188896169653,0.37291381983849453,1.544,0.27327327327327333,1.4797544737586177,0.001984274255402323,0.2838050314465409,0.0007293024731617355,2.42,2.24254,5.82741714637,-0.116
S371L,371S,514,298.7459403109549,0.5812177827061379,1.584,0.29329329329329334,1.329477161714172,0.0018444843608509123,0.40408805031446543,0.0014226449125501236,2.2,2.0039000000000002,7.595831093,-0.059
S371F,371S,514,298.7459403109549,0.5812177827061379,1.584,0.29329329329329334,1.329477161714172,0.0018444843608509123,0.40408805031446543,0.0014226449125501236,2.2,2.0039000000000002,7.97530168465,-0.184
A701V,701A,509,254.08690951331386,0.49918842733460483,1.608,0.3053053053053053,1.3964754237902401,0.00026473484454868893,0.4001572327044025,0.0011959634646385704,2.24,2.0018,7.72804612009,-0.366
D405N,405D,330,108.38711800798234,0.32844581214540103,1.645,0.3238238238238238,1.5309965977174684,0.026734508063279053,0.25943396226415094,0.000670439837486714,2.3,2.2836399999999997,7.29078075316,-1.393
R408S,408R,538,330.97841186632513,0.615201509045214,1.705,0.35385385385385393,1.3339975250431166,2.3504495544042477e-05,0.4229559748427673,0.0015419467599332014,2.12,1.95828,7.83676808485,-0.282
S375F,375S,517,294.0924435575147,0.5688441848307828,1.752,0.3773773773773774,1.31020859623547,0.0,0.4064465408805032,0.0013494725651726034,2.14,1.9961,7.93490086226,-0.11
E516Q,516E,539,342.8147107881098,0.6360198715920404,1.76,0.38138138138138145,1.322197012269105,0.000548025869790043,0.4237421383647799,0.0016336922206220635,2.12,1.9579000000000002,6.33349373816,-0.718
V367F,367V,530,307.2606749270268,0.5797371225038241,1.789,0.3958958958958959,1.336453819201384,0.0026498226029125784,0.4166666666666667,0.0015286465883300392,2.1,1.97696,8.01646892851,-0.316
T376A,376T,536,338.45644844224694,0.631448597840013,1.836,0.4194194194194195,1.3250613874595334,0.00030679552078539653,0.42138364779874216,0.0016186873131005452,2.12,1.9617600000000002,7.5192909166,-1.665
Q613H,613Q,524,320.7229641984869,0.6120667255696315,1.845,0.423923923923924,1.3025012713424686,0.0025929169821217388,0.4119496855345912,0.001557675083930159,2.22,1.9886799999999998,7.08722482465,-0.692
N969K,969N,531,328.9251265860487,0.6194446828362499,1.859,0.43093093093093093,1.3124286907225937,0.007542468912211947,0.4174528301886793,0.001759507936546033,2.2,1.9813399999999999,5.48945585396,-0.32
D614G,614D,524,324.927857866206,0.6200913318057366,1.892,0.44744744744744747,1.3225156137417478,0.0004144213688028542,0.4119496855345912,0.0015314324447489745,2.14,1.9864600000000001,8.00216552661,-0.252
H655Y,655H,517,301.9854202656818,0.5841110643436785,2.07,0.5365365365365365,1.3502859594884762,0.0008325539737442415,0.4064465408805032,0.001394865106218054,2.2,1.9973400000000001,,-0.47
Q954H,954Q,514,282.07487937094174,0.5487838120057232,2.089,0.546046046046046,1.33902913680228,0.003483613655369664,0.40408805031446543,0.001483173988917822,2.28,2.00562,7.14700104671,-0.544
T547K,547T,13,3.968022874843629,0.3052325288341253,2.153,0.5780780780780782,0.9713573226985005,0.0006210135138478591,0.010220125786163523,0.0005315830213956163,3.62,3.65482,8.07447503305,-0.184
P384L,384P,36,13.592631202716383,0.377573088964344,2.278,0.6406406406406407,1.2324740747967975,0.00039462810939734476,0.02830188679245283,0.0006171775312814528,2.78,2.79868,6.25747585841,-0.169
A653V,653A,41,13.266042175492938,0.32356200428031556,2.425,0.7142142142142142,1.1163554162808795,0.00023628203415326912,0.03223270440251572,0.0008397940164670718,3.06,2.79902,,-1.943
N856K,856N,2,0.5361291475546552,0.2680645737773276,2.562,0.7827827827827828,0.7789503732999845,3.711236138533023e-05,0.0015723270440251573,0.0004287794173340857,4.06,3.9537799999999996,7.96786449452,-1.662
L981F,981L,2,0.5361291475546552,0.2680645737773276,2.648,0.8258258258258259,0.714326675245252,0.0012976955697737136,0.0015723270440251573,0.0005318475212979025,5.08,4.93248,4.69932906667,-0.305
N764K,764N,2,0.5361291475546552,0.2680645737773276,2.996,1.0,0.9827449547740544,0.0001546348391055426,0.0015723270440251573,0.00021457870430294836,3.18,2.9763,6.70597805591,-1.126
