rank,position,information,rate
1,89G,2.996,0.07855459544383347
2,107G,2.996,0.15710919088766695
3,301C,2.996,0.2356637863315004
4,311G,2.996,0.3142183817753339
5,313Y,2.996,0.3927729772191673
6,355R,2.996,0.4713275726630008
7,361C,2.996,0.5498821681068342
8,379C,2.996,0.6284367635506678
9,391C,2.996,0.7069913589945012
10,398D,2.996,0.7855459544383346
11,422N,2.996,0.864100549882168
12,423Y,2.996,0.9426551453260016
13,432C,2.996,1.021209740769835
14,525C,2.996,1.0997643362136684
15,538C,2.996,1.178318931657502
16,545G,2.996,1.2568735271013356
17,548G,2.996,1.335428122545169
18,550G,2.996,1.4139827179890023
19,617C,2.996,1.4925373134328357
20,648G,2.996,1.5710919088766693
21,649C,2.996,1.6496465043205029
22,667G,2.996,1.728201099764336
23,671C,2.996,1.8067556952081696
24,715P,2.996,1.8853102906520032
25,718F,2.996,1.9638648860958365
26,725E,2.996,2.04241948153967
27,733K,2.996,2.1209740769835035
28,737D,2.996,2.199528672427337
29,738C,2.996,2.2780832678711707
30,749C,2.996,2.356637863315004
31,756Y,2.996,2.4351924587588374
32,757G,2.996,2.513747054202671
33,759F,2.996,2.592301649646504
34,760C,2.996,2.670856245090338
35,764N,2.996,2.7494108405341713
36,767L,2.996,2.8279654359780046
37,775D,2.996,2.9065200314218385
38,815R,2.996,2.9850746268656714
39,816S,2.996,3.063629222309505
40,832G,2.996,3.1421838177533385
41,837Y,2.996,3.2207384131971715
42,840C,2.996,3.2992930086410057
43,848D,2.996,3.377847604084839
44,849L,2.996,3.456402199528672
45,851C,2.996,3.5349567949725063
46,853Q,2.996,3.613511390416339
47,860V,2.996,3.6920659858601725
48,861L,2.996,3.7706205813040063
49,863P,2.996,3.8491751767478397
50,873Y,2.996,3.927729772191673
51,897P,2.996,4.006284367635507
52,905R,2.996,4.08483896307934
53,907N,2.996,4.163393558523174
54,908G,2.996,4.241948153967007
55,912T,2.996,4.32050274941084
56,915V,2.996,4.399057344854674
57,916L,2.996,4.477611940298507
58,919N,2.996,4.556166535742341
59,920Q,2.996,4.634721131186175
60,923I,2.996,4.713275726630008
61,927F,2.996,4.791830322073841
62,928N,2.996,4.870384917517675
63,930A,2.996,4.948939512961508
64,935Q,2.996,5.027494108405342
65,944A,2.996,5.106048703849176
66,949Q,2.996,5.184603299293008
67,953N,2.996,5.263157894736842
68,956A,2.996,5.341712490180676
69,962L,2.996,5.420267085624509
70,966L,2.996,5.498821681068343
71,970F,2.996,5.577376276512176
72,971G,2.996,5.655930871956009
73,972A,2.996,5.734485467399843
74,973I,2.996,5.813040062843677
75,974S,2.996,5.89159465828751
76,983R,2.996,5.970149253731343
77,984L,2.996,6.048703849175176
78,994D,2.996,6.12725844461901
79,995R,2.996,6.205813040062844
80,996L,2.996,6.284367635506677
81,997I,2.996,6.3629222309505105
82,999G,2.996,6.441476826394343
83,1000R,2.996,6.520031421838178
84,1004L,2.996,6.598586017282011
85,1012L,2.996,6.677140612725845
86,1028K,2.996,6.755695208169678
87,1031E,2.996,6.834249803613511
88,1032C,2.996,6.912804399057344
89,1033V,2.996,6.991358994501179
90,1036Q,2.996,7.0699135899450125
91,1039R,2.996,7.148468185388845
92,1042F,2.996,7.227022780832678
93,1043C,2.996,7.305577376276512
94,1044G,2.996,7.384131971720345
95,1046G,2.996,7.462686567164178
96,1048H,2.996,7.541241162608013
97,1051S,2.996,7.619795758051846
98,1056A,2.996,7.698350353495679
99,1057P,2.996,7.776904948939513
100,1059G,2.996,7.855459544383346
101,1062F,2.996,7.9340141398271795
102,1064H,2.996,8.012568735271014
103,1069P,2.996,8.091123330714847
104,1082C,2.996,8.16967792615868
105,1093G,2.996,8.248232521602514
106,1095F,2.996,8.326787117046347
107,1105T,2.996,8.40534171249018
108,1112P,2.996,8.483896307934014
109,1148F,2.996,8.562450903377847
110,1158N,2.996,8.64100549882168
111,1173N,2.996,8.719560094265514
112,1193L,2.996,8.798114689709347
113,1194N,2.996,8.87666928515318
114,1196S,2.996,8.955223880597014
115,1198I,2.996,9.03377847604085
116,1200L,2.996,9.112333071484683
117,1211K,2.996,9.190887666928516
118,1212W,2.996,9.26944226237235
119,1213P,2.996,9.347996857816183
120,1214W,2.996,9.426551453260016
121,1215Y,2.996,9.505106048703848
122,1217W,2.996,9.583660644147683
123,1218L,2.996,9.662215239591516
124,1253C,2.996,9.74076983503535
125,283G,2.971,9.819324430479183
126,291C,2.971,9.897879025923016
127,590C,2.971,9.97643362136685
128,662C,2.971,10.054988216810685
129,743C,2.971,10.133542812254518
130,753L,2.971,10.212097407698352
131,825K,2.971,10.290652003142183
132,826V,2.971,10.369206598586016
133,830D,2.971,10.44776119402985
134,857G,2.971,10.526315789473683
135,862P,2.971,10.604870384917518
136,959L,2.971,10.683424980361352
137,980I,2.971,10.761979575805185
138,1067Y,2.971,10.840534171249018
139,1102W,2.971,10.919088766692852
140,1151E,2.971,10.997643362136685
141,1238T,2.971,11.076197957580519
142,1240C,2.971,11.154752553024352
143,1250C,2.971,11.233307148468185
144,595V,2.97,11.311861743912019
145,898F,2.951,11.390416339355852
146,910G,2.951,11.468970934799685
147,1025A,2.951,11.547525530243519
148,822L,2.946,11.626080125687354
149,924A,2.946,11.704634721131187
150,947K,2.946,11.78318931657502
151,820D,2.934,11.861743912018854
152,874T,2.934,11.940298507462686
153,988E,2.926,12.018853102906519
154,1157K,2.926,12.097407698350352
155,1206Y,2.921,12.175962293794187
156,992Q,2.917,12.25451688923802
157,1090P,2.917,12.333071484681854
158,609A,2.909,12.411626080125687
159,847R,2.902,12.49018067556952
160,290D,2.896,12.568735271013354
161,921K,2.893,12.647289866457188
162,941T,2.873,12.725844461901021
163,400F,2.859,12.804399057344854
164,270L,2.855,12.882953652788686
165,539V,2.847,12.961508248232523
166,985D,2.835,13.040062843676356
167,1182E,2.834,13.11861743912019
168,1204G,2.834,13.197172034564023
169,1022A,2.833,13.275726630007856
170,611L,2.827,13.35428122545169
171,821L,2.815,13.432835820895523
172,86F,2.811,13.511390416339356
173,955N,2.811,13.58994501178319
174,1236C,2.809,13.668499607227021
175,819E,2.8,13.747054202670855
176,1209Y,2.799,13.825608798114688
177,348A,2.792,13.904163393558521
178,952V,2.789,13.982717989002358
179,993I,2.789,14.061272584446192
180,1152L,2.788,14.139827179890025
181,596S,2.786,14.218381775333858
182,904Y,2.778,14.29693637077769
183,1008V,2.778,14.375490966221523
184,714I,2.775,14.454045561665357
185,958A,2.775,14.53260015710919
186,1011Q,2.775,14.611154752553023
187,1161S,2.766,14.689709347996857
188,1037S,2.756,14.76826394344069
189,1191K,2.75,14.846818538884524
190,1001L,2.744,14.925373134328357
191,1156F,2.744,15.003927729772194
192,336C,2.742,15.082482325216025
193,563Q,2.736,15.161036920659859
194,463P,2.734,15.239591516103692
195,1254C,2.723,15.318146111547525
196,38Y,2.723,15.396700706991359
197,568D,2.723,15.475255302435192
198,288A,2.722,15.553809897879026
199,35G,2.721,15.632364493322859
200,1010Q,2.7,15.710919088766692
201,1021S,2.692,15.789473684210526
202,823F,2.691,15.868028279654359
203,416G,2.685,15.946582875098192
204,951V,2.683,16.025137470542028
205,818I,2.669,16.10369206598586
206,285I,2.667,16.182246661429694
207,833F,2.666,16.260801256873528
208,911V,2.666,16.33935585231736
209,965Q,2.666,16.417910447761194
210,989A,2.666,16.496465043205028
211,1096V,2.657,16.57501963864886
212,1007Y,2.65,16.653574234092694
213,981L,2.648,16.732128829536528
214,967S,2.642,16.81068342498036
215,298E,2.641,16.889238020424195
216,934I,2.641,16.967792615868028
217,413G,2.63,17.04634721131186
218,945L,2.625,17.124901806755695
219,886W,2.622,17.203456402199528
220,322P,2.618,17.28201099764336
221,368L,2.613,17.360565593087195
222,1186L,2.611,17.439120188531028
223,353W,2.611,17.51767478397486
224,204Y,2.609,17.596229379418695
225,593G,2.609,17.674783974862528
226,267V,2.597,17.75333857030636
227,1226A,2.597,17.831893165750195
228,1207E,2.597,17.91044776119403
229,1054Q,2.594,17.98900235663786
230,1160T,2.586,18.0675569520817
231,925N,2.582,18.146111547525532
232,1119N,2.58,18.224666142969365
233,620V,2.579,18.3032207384132
234,326I,2.572,18.381775333857032
235,856N,2.562,18.460329929300865
236,377F,2.558,18.5388845247447
237,232G,2.556,18.617439120188532
238,139P,2.555,18.695993715632365
239,745D,2.549,18.7745483110762
240,744G,2.546,18.853102906520032
241,977L,2.546,18.931657501963866
242,1235C,2.546,19.010212097407695
243,320V,2.539,19.088766692851532
244,975S,2.533,19.167321288295366
245,1216I,2.533,19.2458758837392
246,1137V,2.529,19.324430479183032
247,801N,2.529,19.402985074626866
248,669G,2.526,19.4815396700707
249,802F,2.521,19.560094265514532
250,643F,2.521,19.638648860958366
251,1149K,2.521,19.7172034564022
252,392F,2.514,19.795758051846033
253,1172I,2.498,19.874312647289866
254,587I,2.498,19.9528672427337
255,781V,2.497,20.031421838177533
256,891G,2.483,20.10997643362137
257,720I,2.474,20.188531029065203
258,1079P,2.474,20.267085624509036
259,717N,2.47,20.34564021995287
260,960N,2.462,20.424194815396703
261,1153D,2.453,20.502749410840533
262,828L,2.451,20.581304006284366
263,1166L,2.45,20.6598586017282
264,551V,2.445,20.738413197172033
265,108T,2.445,20.816967792615866
266,1122V,2.445,20.8955223880597
267,1264V,2.442,20.974076983503533
268,1266K,2.436,21.052631578947366
269,674Y,2.436,21.1311861743912
270,289V,2.434,21.209740769835037
271,265Y,2.434,21.28829536527887
272,578D,2.425,21.366849960722703
273,653A,2.425,21.445404556166537
274,277L,2.423,21.52395915161037
275,328R,2.408,21.602513747054203
276,865L,2.395,21.681068342498037
277,1165D,2.392,21.75962293794187
278,1085G,2.391,21.838177533385704
279,850I,2.388,21.916732128829537
280,316S,2.387,21.99528672427337
281,360N,2.385,22.073841319717204
282,887T,2.385,22.152395915161037
283,112S,2.382,22.23095051060487
284,37Y,2.382,22.309505106048704
285,523T,2.379,22.388059701492537
286,741Y,2.37,22.46661429693637
287,766A,2.37,22.545168892380204
288,386K,2.37,22.623723487824037
289,524V,2.369,22.70227808326787
290,889G,2.369,22.780832678711704
291,612Y,2.365,22.859387274155537
292,864L,2.361,22.93794186959937
293,736V,2.357,23.016496465043204
294,890A,2.355,23.095051060487037
295,645T,2.35,23.17360565593087
296,758S,2.348,23.252160251374708
297,1068V,2.345,23.33071484681854
298,50S,2.345,23.409269442262374
299,871A,2.344,23.487824037706208
300,1188E,2.339,23.56637863315004
301,1109F,2.338,23.644933228593874
302,652G,2.336,23.723487824037708
303,644Q,2.334,23.802042419481538
304,1150E,2.331,23.88059701492537
305,318F,2.329,23.959151610369204
306,869M,2.329,24.037706205813038
307,131C,2.328,24.11626080125687
308,1110Y,2.325,24.194815396700704
309,982S,2.323,24.27336999214454
310,918E,2.32,24.351924587588375
311,987V,2.319,24.430479183032208
312,279Y,2.318,24.50903377847604
313,979D,2.317,24.587588373919875
314,1024L,2.317,24.666142969363708
315,877L,2.315,24.74469756480754
316,719T,2.315,24.823252160251375
317,1030S,2.315,24.90180675569521
318,1177V,2.315,24.98036135113904
319,1145L,2.315,25.05891594658288
320,364D,2.314,25.13747054202671
321,136C,2.31,25.216025137470545
322,1129V,2.306,25.294579732914375
323,1080A,2.305,25.37313432835821
324,1081I,2.305,25.451688923802042
325,1005Q,2.305,25.530243519245875
326,312I,2.304,25.60879811468971
327,937S,2.304,25.687352710133542
328,938L,2.304,25.76590730557737
329,541F,2.303,25.84446190102121
330,276L,2.303,25.923016496465046
331,1078A,2.301,26.001571091908875
332,709N,2.301,26.080125687352712
333,1223G,2.301,26.158680282796542
334,1241C,2.294,26.23723487824038
335,1199D,2.294,26.31578947368421
336,1175S,2.292,26.394344069128046
337,55F,2.292,26.472898664571876
338,589P,2.291,26.551453260015712
339,896I,2.29,26.630007855459542
340,931I,2.286,26.70856245090338
341,60S,2.285,26.78711704634721
342,1202E,2.284,26.865671641791046
343,1178N,2.283,26.94422623723488
344,116S,2.282,27.022780832678713
345,968S,2.281,27.101335428122546
346,716T,2.28,27.17989002356638
347,1242S,2.279,27.258444619010213
348,384P,2.278,27.336999214454043
349,991V,2.275,27.41555380989788
350,581T,2.275,27.49410840534171
351,299T,2.274,27.572663000785546
352,803S,2.269,27.651217596229376
353,1221I,2.265,27.729772191673213
354,909I,2.264,27.808326787117043
355,354N,2.261,27.88688138256088
356,1034L,2.26,27.965435978004717
357,201F,2.259,28.043990573448546
358,565F,2.258,28.122545168892383
359,829A,2.258,28.201099764336213
360,1251G,2.258,28.27965435978005
361,1234L,2.255,28.35820895522388
362,349S,2.255,28.436763550667717
363,424K,2.254,28.515318146111547
364,235I,2.254,28.59387274155538
365,1224L,2.253,28.672427336999213
366,1006T,2.25,28.750981932443047
367,998T,2.25,28.82953652788688
368,755Q,2.249,28.908091123330713
369,1134N,2.249,28.98664571877455
370,888F,2.249,29.06520031421838
371,1257D,2.246,29.143754909662217
372,806L,2.245,29.222309505106047
373,1089F,2.244,29.300864100549884
374,552L,2.244,29.379418695993714
375,730S,2.242,29.45797329143755
376,305S,2.239,29.53652788688138
377,1189V,2.239,29.615082482325217
378,175F,2.237,29.693637077769047
379,834I,2.235,29.772191673212884
380,827T,2.234,29.850746268656714
381,769G,2.23,29.92930086410055
382,870I,2.227,30.007855459544388
383,1116T,2.227,30.086410054988217
384,1219G,2.226,30.16496465043205
385,1201Q,2.222,30.243519245875884
386,605S,2.222,30.322073841319718
387,383S,2.205,30.40062843676355
388,1179I,2.204,30.479183032207384
389,1225I,2.204,30.557737627651214
390,752L,2.202,30.63629222309505
391,855F,2.201,30.71484681853888
392,577R,2.199,30.793401413982718
393,1053P,2.198,30.871956009426547
394,1220F,2.195,30.950510604870384
395,852A,2.194,31.02906520031422
396,913Q,2.194,31.10761979575805
397,1185R,2.193,31.186174391201888
398,598I,2.189,31.264728986645718
399,359S,2.184,31.343283582089555
400,712I,2.183,31.421838177533385
401,342F,2.176,31.50039277297722
402,1243C,2.174,31.57894736842105
403,876A,2.173,31.65750196386489
404,885G,2.173,31.736056559308718
405,1065V,2.172,31.814611154752555
406,597V,2.17,31.893165750196385
407,976V,2.168,31.97172034564022
408,418I,2.166,32.050274941084055
409,230P,2.165,32.12882953652789
410,543F,2.164,32.20738413197172
411,729V,2.163,32.285938727415555
412,1014R,2.163,32.36449332285939
413,300K,2.163,32.44304791830322
414,426P,2.163,32.521602513747055
415,1052F,2.162,32.60015710919089
416,350V,2.161,32.67871170463472
417,114T,2.161,32.757266300078555
418,650L,2.154,32.83582089552239
419,45S,2.153,32.91437549096622
420,547T,2.153,32.992930086410055
421,358I,2.151,33.07148468185389
422,1117T,2.15,33.15003927729772
423,1009T,2.149,33.228593872741556
424,143V,2.148,33.30714846818539
425,44R,2.147,33.38570306362922
426,742I,2.146,33.464257659073056
427,663D,2.146,33.54281225451689
428,1203L,2.145,33.62136684996072
429,387L,2.144,33.699921445404556
430,817F,2.143,33.77847604084839
431,1255K,2.142,33.85703063629222
432,771A,2.141,33.935585231736056
433,672A,2.139,34.01413982717989
434,544N,2.137,34.09269442262372
435,366S,2.137,34.171249018067556
436,774Q,2.136,34.24980361351139
437,1147S,2.131,34.32835820895522
438,88D,2.13,34.406912804399056
439,382V,2.129,34.48546739984289
440,1197L,2.129,34.56402199528672
441,1232I,2.127,34.642576590730556
442,1239S,2.125,34.72113118617439
443,1029M,2.125,34.79968578161822
444,1049L,2.124,34.878240377062056
445,1222A,2.124,34.95679497250589
446,1113Q,2.124,35.03534956794972
447,26P,2.124,35.11390416339356
448,229L,2.12,35.19245875883739
449,592F,2.117,35.27101335428123
450,1094V,2.113,35.349567949725056
451,1002Q,2.112,35.4281225451689
452,899A,2.111,35.50667714061272
453,1106Q,2.111,35.58523173605656
454,1244L,2.11,35.66378633150039
455,1164V,2.107,35.74234092694423
456,511V,2.107,35.82089552238806
457,884S,2.105,35.8994501178319
458,90V,2.103,35.97800471327572
459,106F,2.103,36.05655930871956
460,1259D,2.102,36.1351139041634
461,664I,2.102,36.21366849960722
462,1035G,2.101,36.292223095051064
463,734T,2.101,36.37077769049489
464,529K,2.099,36.44933228593873
465,1107R,2.099,36.52788688138256
466,1262E,2.098,36.6064414768264
467,1183I,2.095,36.68499607227022
468,31S,2.095,36.763550667714064
469,1140P,2.094,36.84210526315789
470,792P,2.092,36.92065985860173
471,824N,2.091,36.99921445404556
472,728P,2.091,37.0777690494894
473,859T,2.091,37.15632364493323
474,431G,2.09,37.234878240377064
475,954Q,2.089,37.3134328358209
476,1154K,2.089,37.39198743126473
477,727L,2.088,37.470542026708564
478,56L,2.086,37.5490966221524
479,957Q,2.085,37.62765121759623
480,434I,2.083,37.706205813040064
481,343N,2.083,37.7847604084839
482,395V,2.082,37.86331500392773
483,121N,2.081,37.941869599371564
484,451Y,2.08,38.02042419481539
485,36V,2.08,38.09897879025923
486,607Q,2.079,38.177533385703065
487,46S,2.079,38.2560879811469
488,687V,2.077,38.33464257659073
489,1018I,2.073,38.413197172034565
490,1120T,2.072,38.4917517674784
491,655H,2.07,38.57030636292223
492,54L,2.069,38.648860958366065
493,421Y,2.069,38.7274155538099
494,914N,2.068,38.80597014925373
495,567R,2.067,38.884524744697565
496,381G,2.066,38.9630793401414
497,963V,2.066,39.04163393558523
498,1003S,2.065,39.120188531029065
499,882I,2.064,39.1987431264729
500,425L,2.062,39.27729772191673
501,1237M,2.062,39.355852317360565
502,1233M,2.062,39.4344069128044
503,338F,2.061,39.51296150824823
504,1249S,2.061,39.591516103692065
505,1087A,2.059,39.6700706991359
506,665P,2.058,39.74862529457973
507,858L,2.058,39.827179890023565
508,940S,2.058,39.9057344854674
509,615V,2.057,39.98428908091123
510,763L,2.056,40.062843676355065
511,770I,2.055,40.1413982717989
512,1187N,2.055,40.21995286724274
513,1041D,2.054,40.298507462686565
514,1019R,2.054,40.377062058130406
515,1074N,2.052,40.45561665357423
516,280N,2.051,40.53417124901807
517,807P,2.049,40.6127258444619
518,363A,2.049,40.69128043990574
519,846A,2.047,40.769835035349566
520,549T,2.047,40.848389630793406
521,843D,2.045,40.92694422623723
522,103G,2.045,41.005498821681066
523,542N,2.042,41.0840534171249
524,119I,2.04,41.16260801256873
525,238F,2.038,41.24116260801257
526,575A,2.038,41.3197172034564
527,735S,2.036,41.39827179890024
528,866T,2.036,41.476826394344066
529,1013I,2.035,41.555380989787906
530,610V,2.031,41.63393558523173
531,901Q,2.029,41.71249018067557
532,629L,2.028,41.7910447761194
533,872Q,2.028,41.86959937156324
534,362V,2.025,41.948153967007066
535,1060V,2.025,42.02670856245091
536,306F,2.025,42.10526315789473
537,394N,2.024,42.18381775333857
538,880G,2.023,42.2623723487824
539,942A,2.023,42.34092694422624
540,315T,2.022,42.41948153967007
541,786K,2.022,42.49803613511391
542,274T,2.022,42.57659073055774
543,782F,2.021,42.65514532600157
544,1135N,2.02,42.73369992144541
545,1108N,2.019,42.81225451688924
546,594G,2.017,42.89080911233307
547,1077T,2.017,42.9693637077769
548,573T,2.016,43.04791830322074
549,903A,2.016,43.12647289866457
550,785V,2.015,43.20502749410841
551,536N,2.014,43.28358208955223
552,319R,2.012,43.362136684996074
553,118L,2.011,43.44069128043991
554,879A,2.008,43.51924587588374
555,571D,2.008,43.597800471327574
556,178D,2.007,43.67635506677141
557,1155Y,2.007,43.75490966221524
558,513L,2.005,43.833464257659074
559,1190A,2.003,43.91201885310291
560,223L,2.003,43.99057344854674
561,1180Q,2.002,44.069128043990574
562,978N,2.0,44.14768263943441
563,133F,1.998,44.22623723487824
564,831A,1.996,44.304791830322074
565,53D,1.992,44.38334642576591
566,1229M,1.991,44.46190102120974
567,351Y,1.99,44.540455616653574
568,902M,1.989,44.61901021209741
569,275F,1.989,44.69756480754124
570,961T,1.988,44.776119402985074
571,40D,1.987,44.85467399842891
572,939S,1.986,44.93322859387274
573,686S,1.986,45.011783189316574
574,1195E,1.985,45.09033778476041
575,805I,1.984,45.16889238020424
576,1015A,1.982,45.247446975648074
577,1210I,1.977,45.32600157109191
578,370N,1.974,45.40455616653574
579,1063L,1.973,45.48311076197958
580,297S,1.973,45.56166535742341
581,540N,1.971,45.64021995286724
582,1061V,1.97,45.718774548311075
583,1104V,1.968,45.79732914375491
584,1058H,1.968,45.87588373919874
585,713A,1.967,45.954438334642575
586,393T,1.963,46.03299293008641
587,721S,1.963,46.11154752553024
588,936D,1.963,46.190102120974075
589,352A,1.962,46.26865671641791
590,585L,1.96,46.34721131186174
591,512V,1.959,46.425765907305575
592,39P,1.959,46.504320502749415
593,433V,1.956,46.58287509819324
594,294D,1.956,46.66142969363708
595,102R,1.955,46.73998428908091
596,726I,1.954,46.81853888452475
597,1017E,1.95,46.897093479968575
598,436W,1.95,46.975648075412415
599,800F,1.949,47.05420267085624
600,91Y,1.948,47.13275726630008
601,1070A,1.948,47.21131186174391
602,1047Y,1.947,47.28986645718775
603,555S,1.947,47.368421052631575
604,469S,1.947,47.446975648075416
605,464F,1.946,47.52553024351925
606,17N,1.946,47.604084838963075
607,1159H,1.946,47.682639434406916
608,1245K,1.945,47.76119402985074
609,906F,1.945,47.83974862529458
610,310K,1.944,47.91830322073841
611,437N,1.944,47.99685781618225
612,696T,1.943,48.075412411626075
613,1066T,1.943,48.153967007069916
614,442D,1.942,48.23252160251374
615,557K,1.941,48.31107619795758
616,1208Q,1.94,48.38963079340141
617,1075F,1.939,48.46818538884525
618,950D,1.937,48.54673998428908
619,109T,1.937,48.625294579732916
620,526G,1.936,48.70384917517675
621,917Y,1.935,48.78240377062058
622,591S,1.932,48.860958366064416
623,429F,1.932,48.93951296150825
624,347F,1.932,49.01806755695208
625,572T,1.932,49.096622152395916
626,790K,1.93,49.17517674783975
627,606N,1.929,49.25373134328358
628,576V,1.927,49.332285938727416
629,199G,1.927,49.41084053417125
630,128I,1.925,49.48939512961508
631,115Q,1.925,49.56794972505892
632,240T,1.922,49.64650432050275
633,1169I,1.92,49.72505891594658
634,841L,1.919,49.80361351139042
635,8L,1.918,49.88216810683425
636,1205K,1.917,49.96072270227808
637,948L,1.916,50.03927729772192
638,42V,1.916,50.11783189316576
639,52Q,1.913,50.196386488609576
640,647A,1.911,50.27494108405342
641,3V,1.907,50.35349567949725
642,724T,1.907,50.43205027494109
643,798G,1.904,50.51060487038491
644,900M,1.904,50.58915946582875
645,1016A,1.903,50.667714061272584
646,497F,1.903,50.74626865671642
647,926Q,1.902,50.82482325216026
648,1027T,1.901,50.903377847604084
649,1040V,1.899,50.98193244304792
650,1091R,1.899,51.06048703849175
651,1174A,1.896,51.13904163393559
652,521P,1.893,51.21759622937942
653,723T,1.893,51.29615082482325
654,614D,1.892,51.374705420267084
655,402I,1.892,51.453260015710924
656,659S,1.892,51.53181461115474
657,148N,1.891,51.610369206598584
658,754L,1.891,51.68892380204242
659,411A,1.891,51.76747839748626
660,922L,1.891,51.84603299293009
661,762Q,1.889,51.92458758837392
662,1088H,1.886,52.00314218381775
663,883T,1.886,52.08169677926159
664,510V,1.885,52.160251374705425
665,5L,1.885,52.23880597014925
666,227V,1.884,52.317360565593084
667,570A,1.881,52.395915161036925
668,836Q,1.881,52.47446975648076
669,668A,1.878,52.553024351924584
670,1099G,1.877,52.63157894736842
671,1132I,1.877,52.71013354281225
672,1142Q,1.876,52.78868813825609
673,117L,1.876,52.867242733699925
674,1072E,1.874,52.94579732914375
675,110L,1.873,53.024351924587585
676,236T,1.873,53.102906520031425
677,566G,1.872,53.18146111547526
678,231I,1.871,53.260015710919085
679,450N,1.871,53.33857030636292
680,731M,1.87,53.41712490180676
681,380Y,1.87,53.49567949725059
682,268G,1.87,53.57423409269442
683,835K,1.867,53.65278868813825
684,410I,1.866,53.73134328358209
685,694A,1.865,53.809897879025925
686,317N,1.864,53.88845247446976
687,1231T,1.863,53.967007069913585
688,409Q,1.862,54.045561665357425
689,92F,1.861,54.12411626080126
690,226L,1.861,54.20267085624509
691,588T,1.86,54.28122545168892
692,48L,1.86,54.35978004713276
693,969N,1.859,54.43833464257659
694,616N,1.859,54.516889238020426
695,520A,1.858,54.59544383346425
696,63T,1.856,54.673998428908085
697,374F,1.856,54.752553024351926
698,778T,1.856,54.83110761979576
699,626A,1.855,54.9096622152396
700,559F,1.855,54.98821681068342
701,396Y,1.853,55.06677140612726
702,787Q,1.851,55.14532600157109
703,732T,1.849,55.223880597014926
704,1139D,1.849,55.30243519245875
705,875S,1.849,55.38098978790259
706,200Y,1.848,55.459544383346426
707,878L,1.848,55.53809897879026
708,613Q,1.845,55.616653574234086
709,651I,1.844,55.695208169677926
710,556N,1.844,55.77376276512176
711,1128V,1.843,55.85231736056559
712,397A,1.842,55.93087195600943
713,746S,1.842,56.00942655145326
714,804Q,1.842,56.08798114689709
715,1176V,1.841,56.166535742340926
716,1248C,1.839,56.24509033778477
717,376T,1.836,56.32364493322859
718,599T,1.835,56.402199528672426
719,584I,1.834,56.48075412411626
720,308V,1.834,56.5593087195601
721,600P,1.832,56.63786331500392
722,854K,1.832,56.71641791044776
723,990E,1.831,56.79497250589159
724,1045K,1.831,56.87352710133543
725,929S,1.83,56.95208169677927
726,789Y,1.829,57.03063629222309
727,1055S,1.827,57.10919088766693
728,333T,1.825,57.18774548311076
729,203I,1.823,57.2663000785546
730,1038K,1.823,57.34485467399843
731,224E,1.822,57.42340926944226
732,1144E,1.822,57.50196386488609
733,867D,1.821,57.580518460329934
734,365Y,1.82,57.65907305577376
735,748E,1.819,57.73762765121759
736,419A,1.817,57.81618224666143
737,943S,1.817,57.89473684210527
738,453Y,1.817,57.9732914375491
739,390L,1.816,58.05184603299293
740,43F,1.813,58.13040062843676
741,933K,1.813,58.2089552238806
742,454R,1.812,58.287509819324434
743,1167G,1.81,58.36606441476826
744,666I,1.81,58.444619010212094
745,695Y,1.809,58.523173605655934
746,1258E,1.808,58.60172820109977
747,1260D,1.807,58.680282796543594
748,528K,1.806,58.75883739198743
749,705V,1.805,58.83739198743127
750,1114I,1.804,58.9159465828751
751,179L,1.803,58.994501178318934
752,1124G,1.802,59.07305577376276
753,389D,1.801,59.151610369206594
754,467D,1.799,59.230164964650434
755,1023N,1.797,59.30871956009427
756,1170S,1.797,59.387274155538094
757,670I,1.796,59.46582875098193
758,438S,1.796,59.54438334642577
759,369Y,1.796,59.6229379418696
760,341V,1.795,59.70149253731343
761,225P,1.795,59.78004713275726
762,474Q,1.793,59.8586017282011
763,264A,1.793,59.937156323644935
764,546L,1.789,60.015710919088775
765,104W,1.789,60.094265514532594
766,367V,1.789,60.172820109976435
767,560L,1.789,60.25137470542027
768,329F,1.788,60.3299293008641
769,1100T,1.788,60.40848389630793
770,435A,1.788,60.48703849175177
771,344A,1.786,60.5655930871956
772,1127D,1.786,60.644147682639435
773,773E,1.785,60.72270227808326
774,839D,1.783,60.8012568735271
775,537K,1.783,60.879811468970935
776,1141L,1.782,60.95836606441477
777,799G,1.781,61.03692065985861
778,205S,1.781,61.11547525530243
779,94S,1.779,61.19402985074627
780,692I,1.779,61.2725844461901
781,986K,1.773,61.35113904163394
782,1136T,1.771,61.42969363707776
783,562F,1.77,61.5082482325216
784,331N,1.77,61.586802827965435
785,710N,1.769,61.665357423409276
786,242L,1.769,61.743912018853095
787,535K,1.767,61.822466614296935
788,608V,1.766,61.90102120974077
789,704S,1.764,61.97957580518461
790,1130I,1.763,62.05813040062844
791,427D,1.763,62.13668499607227
792,516E,1.76,62.2152395915161
793,266Y,1.758,62.293794186959936
794,1125N,1.758,62.372348782403776
795,711S,1.757,62.4509033778476
796,1265L,1.757,62.529457973291436
797,522A,1.753,62.60801256873527
798,375S,1.752,62.68656716417911
799,514S,1.752,62.765121759622936
800,1076T,1.751,62.84367635506677
801,740M,1.75,62.9222309505106
802,838G,1.749,63.00078554595444
803,1126C,1.749,63.079340141398276
804,777N,1.748,63.1578947368421
805,518L,1.747,63.236449332285936
806,337P,1.746,63.31500392772978
807,845A,1.746,63.39355852317361
808,1050M,1.746,63.472113118617436
809,444K,1.746,63.55066771406127
810,412P,1.745,63.62922230950511
811,1020A,1.744,63.70777690494894
812,1118D,1.74,63.78633150039277
813,582L,1.74,63.8648860958366
814,282N,1.74,63.94344069128044
815,461L,1.736,64.02199528672428
816,1143P,1.734,64.10054988216811
817,619E,1.733,64.17910447761194
818,703N,1.73,64.25765907305578
819,1230V,1.73,64.33621366849961
820,1086K,1.728,64.41476826394344
821,1256F,1.726,64.49332285938726
822,96E,1.724,64.57187745483111
823,327V,1.724,64.65043205027494
824,130V,1.724,64.72898664571878
825,1184D,1.724,64.8075412411626
826,4F,1.723,64.88609583660644
827,47V,1.721,64.96465043205028
828,263A,1.72,65.04320502749411
829,780E,1.717,65.12175962293794
830,1252S,1.714,65.20031421838178
831,93A,1.714,65.27886881382561
832,765R,1.712,65.35742340926944
833,2F,1.71,65.43597800471328
834,1227I,1.71,65.51453260015711
835,697M,1.709,65.59308719560094
836,6V,1.708,65.67164179104478
837,1163D,1.706,65.75019638648861
838,284T,1.705,65.82875098193244
839,408R,1.705,65.90730557737628
840,784Q,1.703,65.98586017282011
841,302T,1.703,66.06441476826394
842,13S,1.702,66.14296936370778
843,113K,1.701,66.22152395915161
844,638T,1.7,66.30007855459544
845,356K,1.698,66.37863315003928
846,415T,1.697,66.45718774548311
847,79F,1.696,66.53574234092694
848,332I,1.696,66.61429693637078
849,515F,1.694,66.69285153181461
850,1131G,1.693,66.77140612725844
851,61N,1.692,66.84996072270228
852,1133V,1.691,66.92851531814611
853,296L,1.688,67.00706991358994
854,1M,1.686,67.08562450903378
855,286T,1.685,67.16417910447761
856,1101H,1.685,67.24273369992144
857,1261S,1.684,67.32128829536528
858,401V,1.679,67.39984289080911
859,1123S,1.678,67.47839748625294
860,293L,1.677,67.55695208169678
861,41K,1.677,67.63550667714061
862,946G,1.677,67.71406127258444
863,506Q,1.677,67.79261586802828
864,428D,1.674,67.87117046347211
865,527P,1.674,67.94972505891594
866,637S,1.673,68.02827965435978
867,1083H,1.673,68.10683424980361
868,403R,1.67,68.18538884524745
869,688A,1.669,68.26394344069128
870,51T,1.669,68.34249803613511
871,181G,1.664,68.42105263157895
872,292A,1.664,68.49960722702278
873,881T,1.664,68.57816182246661
874,517L,1.663,68.65671641791045
875,502G,1.663,68.73527101335428
876,646R,1.662,68.81382560879811
877,658N,1.661,68.89238020424195
878,34R,1.66,68.97093479968578
879,430T,1.66,69.04948939512961
880,314Q,1.659,69.12804399057345
881,210I,1.659,69.2065985860173
882,169E,1.657,69.28515318146111
883,533L,1.656,69.36370777690495
884,385T,1.654,69.44226237234878
885,661E,1.654,69.52081696779263
886,932G,1.653,69.59937156323645
887,124T,1.652,69.67792615868028
888,245H,1.652,69.75648075412411
889,334N,1.652,69.83503534956796
890,1138Y,1.651,69.91358994501178
891,618T,1.65,69.99214454045561
892,1098N,1.648,70.07069913589945
893,105I,1.646,70.1492537313433
894,405D,1.645,70.22780832678713
895,564Q,1.644,70.30636292223095
896,534V,1.644,70.38491751767478
897,1111E,1.641,70.46347211311861
898,1228V,1.64,70.54202670856246
899,295P,1.637,70.62058130400628
900,58F,1.635,70.69913589945011
901,634R,1.634,70.77769049489395
902,1121F,1.632,70.8562450903378
903,208T,1.632,70.93479968578161
904,81N,1.632,71.01335428122545
905,407V,1.63,71.09190887666928
906,561P,1.63,71.17046347211313
907,690Q,1.629,71.24901806755696
908,1071Q,1.628,71.32757266300078
909,281E,1.627,71.40612725844461
910,797F,1.627,71.48468185388846
911,161S,1.626,71.5632364493323
912,228D,1.62,71.64179104477611
913,691S,1.619,71.72034564021995
914,708S,1.617,71.7989002356638
915,1084D,1.617,71.87745483110763
916,1103F,1.614,71.95600942655145
917,574D,1.612,72.03456402199528
918,65F,1.612,72.11311861743911
919,177M,1.612,72.19167321288296
920,158R,1.612,72.2702278083268
921,303L,1.611,72.34878240377061
922,135F,1.611,72.42733699921445
923,673S,1.61,72.5058915946583
924,443S,1.609,72.58444619010213
925,654E,1.609,72.66300078554595
926,165N,1.609,72.74155538098978
927,689S,1.609,72.82010997643363
928,701A,1.608,72.89866457187746
929,569I,1.606,72.97721916732128
930,706A,1.606,73.05577376276511
931,509R,1.603,73.13432835820896
932,1267G,1.603,73.2128829536528
933,964K,1.602,73.29143754909663
934,83V,1.6,73.36999214454045
935,122N,1.599,73.4485467399843
936,627D,1.594,73.52710133542813
937,707Y,1.592,73.60565593087196
938,788I,1.591,73.68421052631578
939,209P,1.589,73.76276512175963
940,372A,1.589,73.84131971720346
941,795K,1.585,73.9198743126473
942,371S,1.584,73.99842890809111
943,553T,1.583,74.07698350353496
944,69H,1.583,74.1555380989788
945,388N,1.582,74.23409269442263
946,220F,1.582,74.31264728986646
947,488C,1.581,74.39120188531028
948,234N,1.58,74.46975648075413
949,814K,1.579,74.54831107619796
950,751N,1.579,74.6268656716418
951,1026A,1.577,74.70542026708561
952,1092E,1.575,74.78397486252946
953,1171G,1.571,74.8625294579733
954,304K,1.57,74.94108405341713
955,100I,1.57,75.01963864886095
956,207H,1.569,75.0981932443048
957,603N,1.569,75.17674783974863
958,212L,1.568,75.25530243519246
959,675Q,1.565,75.3338570306363
960,378K,1.563,75.41241162608013
961,457R,1.563,75.49096622152396
962,631P,1.562,75.5695208169678
963,466R,1.561,75.64807541241163
964,1192N,1.561,75.72663000785546
965,783A,1.56,75.8051846032993
966,700G,1.557,75.88373919874313
967,324E,1.557,75.96229379418696
968,167T,1.557,76.04084838963078
969,685R,1.555,76.11940298507463
970,630T,1.553,76.19795758051846
971,29T,1.553,76.2765121759623
972,1162P,1.552,76.35506677140613
973,287D,1.548,76.43362136684996
974,129K,1.548,76.5121759622938
975,420D,1.546,76.59073055773763
976,633W,1.545,76.66928515318146
977,101I,1.544,76.7478397486253
978,796D,1.544,76.82639434406913
979,519H,1.539,76.90494893951296
980,406E,1.537,76.9835035349568
981,586D,1.536,77.06205813040063
982,49H,1.535,77.14061272584446
983,791T,1.535,77.2191673212883
984,1146D,1.534,77.29772191673213
985,132E,1.527,77.37627651217596
986,628Q,1.526,77.4548311076198
987,465E,1.526,77.53338570306363
988,1263P,1.522,77.61194029850746
989,12S,1.521,77.6904948939513
990,246R,1.52,77.76904948939513
991,505Y,1.52,77.84760408483896
992,698S,1.519,77.9261586802828
993,702E,1.519,78.00471327572663
994,9P,1.518,78.08326787117046
995,439N,1.516,78.1618224666143
996,636Y,1.514,78.24037706205813
997,656V,1.514,78.31893165750196
998,503V,1.513,78.3974862529458
999,699L,1.51,78.47604084838963
1000,164N,1.509,78.55459544383346
1001,239Q,1.508,78.6331500392773
1002,141L,1.507,78.71170463472113
1003,241L,1.504,78.79025923016496
1004,32F,1.503,78.8688138256088
1005,693I,1.502,78.94736842105263
1006,558K,1.498,79.02592301649646
1007,339G,1.494,79.1044776119403
1008,309E,1.494,79.18303220738413
1009,176L,1.493,79.26158680282796
1010,82P,1.493,79.3401413982718
1011,487N,1.492,79.41869599371564
1012,219G,1.49,79.49725058915946
1013,579P,1.49,79.5758051846033
1014,498Q,1.488,79.65435978004713
1015,25P,1.487,79.73291437549096
1016,166C,1.486,79.8114689709348
1017,414Q,1.482,79.89002356637863
1018,321Q,1.48,79.96857816182246
1019,399S,1.479,80.0471327572663
1020,768T,1.479,80.12568735271013
1021,182K,1.478,80.20424194815396
1022,126V,1.473,80.2827965435978
1023,174P,1.472,80.36135113904163
1024,508Y,1.471,80.43990573448548
1025,95T,1.471,80.5184603299293
1026,373S,1.47,80.59701492537313
1027,868E,1.47,80.67556952081696
1028,761T,1.467,80.75412411626081
1029,150K,1.463,80.83267871170463
1030,325S,1.462,80.91123330714846
1031,323T,1.46,80.9897879025923
1032,202K,1.457,81.06834249803615
1033,271Q,1.457,81.14689709347996
1034,85P,1.456,81.2254516889238
1035,462K,1.455,81.30400628436763
1036,80D,1.453,81.38256087981148
1037,357R,1.451,81.46111547525531
1038,62V,1.445,81.53967007069913
1039,747T,1.443,81.61822466614296
1040,233I,1.443,81.69677926158681
1041,180E,1.436,81.77533385703065
1042,844I,1.432,81.85388845247446
1043,157F,1.431,81.9324430479183
1044,7L,1.429,82.01099764336213
1045,417K,1.426,82.08955223880598
1046,459S,1.426,82.1681068342498
1047,22T,1.425,82.24666142969363
1048,211N,1.424,82.32521602513746
1049,1073K,1.422,82.40377062058131
1050,84L,1.422,82.48232521602515
1051,273R,1.421,82.56087981146896
1052,159V,1.421,82.6394344069128
1053,635V,1.419,82.71798900235665
1054,440N,1.419,82.79654359780048
1055,213V,1.419,82.8750981932443
1056,160Y,1.415,82.95365278868813
1057,722V,1.409,83.03220738413198
1058,214R,1.405,83.11076197957581
1059,660Y,1.399,83.18931657501963
1060,500T,1.399,83.26787117046347
1061,507P,1.399,83.34642576590731
1062,739T,1.399,83.42498036135115
1063,67A,1.399,83.50353495679497
1064,554E,1.392,83.5820895522388
1065,779Q,1.391,83.66064414768263
1066,111D,1.39,83.73919874312648
1067,1181K,1.386,83.81775333857031
1068,501N,1.385,83.89630793401413
1069,222A,1.38,83.97486252945797
1070,120V,1.375,84.05341712490181
1071,137N,1.372,84.13197172034565
1072,123A,1.371,84.21052631578947
1073,15C,1.368,84.2890809112333
1074,215D,1.367,84.36763550667715
1075,149N,1.366,84.44619010212098
1076,59F,1.363,84.5247446975648
1077,57P,1.358,84.60329929300863
1078,16V,1.356,84.68185388845248
1079,455L,1.346,84.76040848389631
1080,145Y,1.345,84.83896307934015
1081,138D,1.341,84.91751767478397
1082,460N,1.34,84.99607227022781
1083,604T,1.336,85.07462686567165
1084,171V,1.335,85.15318146111548
1085,340E,1.33,85.2317360565593
1086,237R,1.327,85.31029065200315
1087,452L,1.324,85.38884524744698
1088,632T,1.322,85.46739984289081
1089,134Q,1.316,85.54595443833463
1090,793P,1.312,85.62450903377848
1091,170Y,1.3,85.70306362922231
1092,64W,1.3,85.78161822466615
1093,28Y,1.297,85.86017282010998
1094,173Q,1.297,85.9387274155538
1095,78R,1.291,86.01728201099765
1096,33T,1.291,86.09583660644148
1097,243A,1.283,86.17439120188531
1098,260A,1.282,86.25294579732913
1099,272P,1.28,86.33150039277298
1100,221S,1.276,86.41005498821681
1101,346R,1.251,86.48860958366065
1102,172S,1.245,86.56716417910447
1103,144Y,1.244,86.64571877454831
1104,262A,1.244,86.72427336999215
1105,441L,1.243,86.80282796543598
1106,458K,1.242,86.88138256087981
1107,21R,1.242,86.95993715632365
1108,307T,1.24,87.03849175176748
1109,27A,1.24,87.11704634721131
1110,776K,1.237,87.19560094265515
1111,68I,1.233,87.27415553809898
1112,66H,1.222,87.35271013354281
1113,1097S,1.211,87.43126472898665
1114,278K,1.209,87.50981932443048
1115,18L,1.208,87.5883739198743
1116,244L,1.208,87.66692851531815
1117,794I,1.206,87.74548311076198
1118,750S,1.2,87.82403770620581
1119,404G,1.194,87.90259230164965
1120,580Q,1.193,87.98114689709348
1121,10L,1.184,88.05970149253731
1122,87N,1.176,88.13825608798115
1123,140F,1.175,88.21681068342498
1124,19T,1.174,88.29536527886881
1125,23Q,1.169,88.37391987431265
1126,168F,1.167,88.45247446975648
1127,77K,1.163,88.53102906520031
1128,261G,1.159,88.60958366064415
1129,468I,1.144,88.68813825608798
1130,206K,1.139,88.76669285153181
1131,499P,1.126,88.84524744697565
1132,11V,1.12,88.92380204241948
1133,14Q,1.12,89.00235663786331
1134,772V,1.104,89.08091123330715
1135,127V,1.074,89.15946582875098
1136,475A,1.074,89.23802042419481
1137,24L,1.068,89.31657501963865
1138,657N,1.065,89.39512961508248
1139,20T,1.058,89.47368421052632
1140,183Q,1.05,89.55223880597015
1141,142G,1.048,89.63079340141398
1142,125N,1.023,89.70934799685782
1143,504G,1.011,89.78790259230165
1144,456F,0.998,89.86645718774548
