name,aa,degree,conservation,page rank,degree centrality,betweenness centrality,closeness centrality,BFE,stability
R190S,190R,0.0,0.0,0.3731658476871969,0.001834862385321101,0.05103882282171116,0.027790916927566855,6.91693008656,-1.757
E484K,484E,0.0,0.0,0.3038003230027793,0.001834862385321101,0.16857156077923283,0.23018574074060227,6.89921397308,-1.024
P681H,681P,0.0,0.0,0.32918266512835115,0.001834862385321101,0.012586182962380269,0.14080938865482528,6.17464176537,-0.269
P681R,681P,0.0,0.0,0.32918266512835115,0.001834862385321101,0.012586182962380269,0.14080938865482528,6.47130272669,-0.195
F486V,486F,0.0,0.0,0.1318636750913817,0.001834862385321101,0.2849937531812503,0.5056913354374809,6.18452718871,-0.874
T478K,478T,0.0,0.0,0.3091017248861966,0.001834862385321101,0.12442737494794318,0.17850901078970094,8.03663908854,-0.577
Y449H,449Y,0.0,0.0,0.223265607671165,0.001834862385321101,0.05959927814538893,0.3249193950387431,7.68207783961,-0.965
N679K,679N,0.0,0.0,0.32918489950572744,0.001834862385321101,0.047151913377446675,0.14793777426074922,7.41450497346,-0.549
Q677H,677Q,0.0,0.0,0.24101788528616824,0.001834862385321101,0.16375919670538153,0.3263607397699527,6.12222949675,-1.428
G496S,496G,0.0,0.0,0.24111501617919945,0.001834862385321101,0.1515894683263153,0.3757939146760103,7.08117292821,-0.728
G75V,75G,0.0,0.0,0.23315717474835285,0.001834862385321101,0.104622645874786,0.36479652273171936,7.81996158734,-2.618
E484A,484E,0.0,0.0,0.3038003230027793,0.001834862385321101,0.16857156077923283,0.23018574074060227,7.70565610506,-1.399
E484Q,484E,0.0,0.0,0.3038003230027793,0.001834862385321101,0.16857156077923283,0.23018574074060227,6.2596070198,-0.719
Q493R,493Q,0.0,0.0,0.3368746139878694,0.001834862385321101,0.0006940909721900885,0.11632571252954765,8.22784415192,-0.308
S477N,477S,0.0,0.0,0.2526427990933551,0.001834862385321101,0.18263847114895193,0.26413899391525986,7.89794235615,-0.147
T76I,76T,0.0,0.0,0.12771353938164975,0.001834862385321101,0.16311137846467078,0.549363640038671,7.00499967705,-1.103
D253G,253D,0.0,0.0,0.3697344884005194,0.001834862385321101,0.0018971819906529082,0.01045244627329972,7.71321192424,-1.128
S494P,494S,0.0,0.0,0.32924415202614893,0.001834862385321101,0.034982184998380454,0.17192818380592395,6.45926393955,-0.4
F490S,490F,0.0,0.0,0.2413621218746258,0.001834862385321101,0.141316921937902,0.32639112300563344,6.90556968045,-0.606
E156G,156E,0.0,0.0,0.12766062209739826,0.001834862385321101,0.14645319513210864,0.5093213612220737,7.40387800593,-3.675
W152C,152W,0.0,0.0,0.283560411098918,0.001834862385321101,0.029568275415297766,0.23760177668942373,7.92422089277,-2.358
G142D,142G,0.08583843567824545,0.025025025025025016,0.06355786821218722,0.06422018348623854,0.04405164036833094,0.5878456999383109,6.25878170326,-4.775
T20N,20T,0.5630098384363278,0.03003003003003002,0.5884686928507636,0.928440366972477,0.001619545601776873,0.7838395588088135,5.07842465288,-0.781
L24S,24L,0.16131009844851618,0.03503503503503502,0.09415745508139291,0.1596330275229358,0.021979547452686134,0.7332049670357671,5.18366596598,-1.593
T19I,19T,0.4388306796907322,0.08808808808808799,0.5966992201296696,0.9559633027522936,0.00717227337929758,0.8495644425515693,4.60312053444,-0.797
T19R,19T,0.4388306796907322,0.08808808808808799,0.5966992201296696,0.9559633027522936,0.00717227337929758,0.8495644425515693,4.05595864158,-1.087
L18F,18L,0.2951188026990619,0.10510510510510507,0.410009897489326,0.7688073394495414,0.11336819212438111,0.8850086692642881,5.01838865212,-1.235
R346K,346R,0.6553545360557611,0.1266266266266266,0.7023565383662232,0.9357798165137614,0.08731664430151312,0.7653620333604959,7.12036632862,-0.063
L452R,452L,0.28102200216585227,0.16316316316316315,0.35570986131251797,0.07339449541284404,0.0350284577298598,0.6716599234345567,6.04603460248,-0.927
L452Q,452L,0.28102200216585227,0.16316316316316315,0.35570986131251797,0.07339449541284404,0.0350284577298598,0.6716599234345567,6.18880948734,-2.675
D138Y,138D,0.5987427577450983,0.17167167167167163,0.719460727200074,0.9779816513761468,0.04266345842395077,0.7792951154106605,7.24489300763,1.23
Y145H,145Y,0.5332508682790942,0.1736736736736737,0.6365735737691622,0.9412844036697248,0.08926009902364536,0.7906389449865922,6.51731427212,-2.455
Y145N,145Y,0.5332508682790942,0.1736736736736737,0.6365735737691622,0.9412844036697248,0.08926009902364536,0.7906389449865922,6.20406201101,-2.821
D215G,215D,0.53376384167296,0.18468468468468469,0.765499028339862,0.9853211009174312,0.12572301142936468,0.8094583630035158,8.10230762328,-0.359
A222V,222A,0.2500326934450169,0.1911911911911911,0.12707932487305534,0.19449541284403674,0.010318819119892648,0.7211216817792478,7.09344754446,0.298
N501T,501N,0.09340570356245559,0.1936936936936937,0.054590583517503996,0.020183486238532115,0.0026838184258016753,0.6413154329652118,6.65944304375,-1.074
N501Y,501N,0.09340570356245559,0.1936936936936937,0.054590583517503996,0.020183486238532115,0.0026838184258016753,0.6413154329652118,6.12764228525,-0.993
A67V,67A,0.5555744591098604,0.20070070070070067,0.5966537481259473,0.9321100917431193,0.019388274489843135,0.7948532051484437,5.18366596598,-1.293
V213G,213V,0.02707972643969947,0.21071071071071068,0.04716214484383413,0.007339449541284404,0.00120309101846282,0.5235034203765562,8.00617022103,-1.789
N440K,440N,0.14917213009760777,0.21071071071071068,0.3318622413149442,0.7412844036697248,0.382004534727685,0.9442994203275029,7.30962544185,-0.339
N211I,211N,0.5878078369818474,0.21321321321321318,0.698650928365157,0.9779816513761468,0.021979547452686134,0.7802778704571175,7.40231658471,-0.206
K417N,417K,0.007689247466948879,0.21421421421421416,0.1142484823278362,0.009174311926605507,0.00906945536995049,0.44765144839304694,7.3492027058,-0.878
K417T,417K,0.007689247466948879,0.21421421421421416,0.1142484823278362,0.009174311926605507,0.00906945536995049,0.44765144839304694,7.82045464604,-0.763
F157L,157F,0.5324201389235643,0.21671671671671677,0.6687805557629525,0.9321100917431193,0.24270047660913424,0.8052091896812136,7.76145000282,-0.975
D80A,80D,0.15587866721631738,0.22772772772772776,0.26359564293417714,0.5431192660550459,0.20503447318495213,0.8539024158817426,7.73675998866,-1.199
D80G,80D,0.15587866721631738,0.22772772772772776,0.26359564293417714,0.5431192660550459,0.20503447318495213,0.8539024158817426,7.73069665516,-1.576
S373P,373S,0.0,0.23623623623623624,1.0576181422569664e-05,0.001834862385321101,4.6272731479339224e-05,0.5046713578228573,6.14436645649,-0.316
T95I,95T,0.7295630326037683,0.23673673673673679,0.7527570070731684,1.0000000000000002,0.0003701818518347138,0.760508686425374,6.60693162059,-1.187
V126A,126V,0.15183557274990556,0.23773773773773776,0.47191171874786964,0.08440366972477065,0.011614455601314145,0.663139270230389,7.74812825677,-2.348
Q498R,498Q,0.22002336381547416,0.24524524524524527,0.4638702691834823,0.7944954128440369,0.41861783351071213,0.916939462734058,6.64926578847,-0.745
G339D,339G,0.2725577294415734,0.2482482482482482,0.4276199252239494,0.7798165137614681,0.11711628337420758,0.893741322836424,6.15602892929,0.182
N439K,439N,0.391007263464358,0.2592592592592593,0.5271700541312633,0.9302752293577983,0.016889546989958818,0.8683671418239552,7.00435374504,-1.977
P9L,9P,0.4437125504677699,0.2602602602602603,0.6097168873526436,0.9412844036697248,0.05437045948822359,0.8452452299528675,5.55776123009,-2.735
R246N,246R,0.07313204923206251,0.26126126126126126,0.23559775927071874,0.023853211009174317,0.37804821618620144,0.5204279103084901,6.13091256595,-3.146
Y505H,505Y,0.6125909302072865,0.26126126126126126,0.6232927894208834,0.9412844036697248,0.0013419092129008377,0.7787710183418327,7.07591450034,-0.379
D796Y,796D,0.2735959059572268,0.27327327327327333,0.34785682098340454,0.6605504587155964,0.07422146129286011,0.8580324667328166,5.82741714637,-0.116
D796H,796D,0.2735959059572268,0.27327327327327333,0.34785682098340454,0.6605504587155964,0.07422146129286011,0.8580324667328166,6.9788411092,-0.209
E1092K,1092E,0.5881960106057638,0.2887887887887888,0.6924686739104757,0.943119266055046,0.15612419601129054,0.7723507050826298,5.92364489329,-0.301
S371L,371S,0.8171488028660512,0.29329329329329334,0.743681466436592,0.9412844036697248,0.06899264263569478,0.7426227238693867,7.595831093,-0.059
S371F,371S,0.8171488028660512,0.29329329329329334,0.743681466436592,0.9412844036697248,0.06899264263569478,0.7426227238693867,7.97530168465,-0.184
A701V,701A,0.6030996166194551,0.3053053053053053,0.6142705164454809,0.9321100917431193,0.009902364536578594,0.794075947867756,7.72804612009,-0.366
Q1071H,1071Q,0.19113849516926606,0.3153153153153153,0.3199987750441178,0.689908256880734,0.17360372032761096,0.9011421311779394,4.98183226995,-0.318
D405N,405D,0.157560118310196,0.3238238238238238,0.31425252882863847,0.6036697247706422,1.0,0.8973853156054258,7.29078075316,-1.393
H245Y,245H,0.0,0.3273273273273273,0.021608157955445573,0.001834862385321101,0.011198001018000094,0.46579559189737163,6.863004496,-1.599
H245P,245H,0.0,0.3273273273273273,0.021608157955445573,0.001834862385321101,0.011198001018000094,0.46579559189737163,7.44459139519,-2.383
H1101Y,1101H,0.3503914350879809,0.3438438438438439,0.4457735421504292,0.7761467889908258,0.11734764703160429,0.855271030258569,5.5314310781,-0.185
S13I,13S,0.2116504646145888,0.3523523523523523,0.08045729394273597,0.13394495412844037,0.002730091157281014,0.7017204676315492,4.60747904379,-2.385
R408S,408R,0.9058266784333953,0.35385385385385393,0.8117901076499774,0.9853211009174312,0.0008791818981074453,0.7460942656633235,7.83676808485,-0.282
E780K,780E,0.8500131861532991,0.3598598598598599,0.7655982705595481,0.9522935779816515,0.021655638332330758,0.7405717939381536,7.09244766211,-0.893
D1118H,1118D,0.1949114806680734,0.37137137137137133,0.30707481111297547,0.6000000000000001,0.25084447734949794,0.8670338205060643,,-0.811
S375F,375S,0.784860867112243,0.3773773773773774,0.701907853843032,0.9467889908256883,0.0,0.727824880089838,7.93490086226,-0.11
E516Q,516E,0.9601505670212269,0.38138138138138145,0.8641669886629766,0.9871559633027525,0.020498820045347275,0.7370317257071753,6.33349373816,-0.718
I1130V,1130I,0.8652745002113162,0.38288288288288286,0.7778965484073556,0.9577981651376148,0.03419554856323169,0.7331476380387988,,-0.251
V367F,367V,0.8132851358900339,0.3958958958958959,0.8041971270242246,0.9706422018348624,0.09911619082874464,0.7479806467367268,8.01646892851,-0.316
T376A,376T,0.948222185744791,0.4194194194194195,0.8556007854964691,0.9816513761467891,0.011475637406876127,0.739231504234582,7.5192909166,-1.665
V1176F,1176V,0.0,0.4219219219219219,0.049623733840936504,0.001834862385321101,0.00041645458331405306,0.470544869485617,,0.044
Q613H,613Q,0.8976467061665332,0.423923923923924,0.8207693045316228,0.9596330275229359,0.09698764518069503,0.7219058203730718,7.08722482465,-0.692
T732A,732T,0.8899987519199368,0.42592592592592593,0.8332109084727533,0.9853211009174312,0.03595391235944658,0.7485553458689239,7.94457207369,-0.172
D1139H,1139D,0.9311487922892376,0.42592592592592593,0.8322706393843974,0.9853211009174312,0.04793854981259544,0.7557625210958913,,-0.362
N969K,969N,0.9168989085266395,0.43093093093093093,0.9359943546496522,0.9724770642201837,0.2821248438295313,0.7295298648969638,5.48945585396,-0.32
A570D,570A,0.054455571809813974,0.4419419419419419,0.15028025365707903,0.031192660550458717,0.010503910045810005,0.5864590986528269,6.36072116839,-0.566
L5F,5L,0.0,0.443943943943944,0.19798198622853996,0.001834862385321101,0.049373004488454955,0.30450933873109376,5.18366596598,-1.191
D614G,614D,0.9185862884295892,0.44744744744744747,0.80578755415902,0.9596330275229359,0.015501365045578641,0.7372764047843653,8.00216552661,-0.252
T1027I,1027T,0.9384409725756282,0.45195195195195204,0.8696168841698793,0.9614678899082569,0.17606774327888577,0.7343382999303917,5.18366596598,-0.209
Q52R,52Q,0.07496168409321746,0.457957957957958,0.0713857922340043,0.01834862385321101,0.008005182545925686,0.5992886782024976,5.18366596598,-0.331
D950N,950D,0.4917275168231938,0.46996996996997,0.6350332354432686,0.9064220183486238,0.20248947295358846,0.8286837720175605,5.9128650751,-0.36
H655Y,655H,0.82469859497758,0.5365365365365365,0.7278221574321564,0.9467889908256883,0.031141548285595302,0.7586034329182635,,-0.47
Q954H,954Q,0.7325148934110104,0.546046046046046,0.778237118639258,0.9412844036697248,0.13030401184581925,0.74995843525362,7.14700104671,-0.544
T859N,859T,0.9021868778989715,0.5470470470470471,0.9163700440156459,0.9541284403669728,0.29045393549581233,0.7357273103945109,5.81852022365,-3.008
P26S,26P,0.08326193697725481,0.5635635635635637,0.4078485597925013,0.07522935779816514,0.027995002545000234,0.5538145688097796,5.18366596598,-0.786
T547K,547T,0.09698687132580497,0.5780780780780782,0.23498008439771456,0.022018348623853216,0.02322891120262829,0.4675943914297712,8.07447503305,-0.184
G1219V,1219G,0.764945046428158,0.6146146146146146,0.7990638544947144,0.9376146788990827,0.2889500717227338,0.7549145871304311,,-0.04
F888L,888F,0.874667256446453,0.6261261261261263,0.7359912033086532,0.9376146788990827,0.0,0.728700126217129,7.76778632208,-1.787
P384L,384P,0.285753904278375,0.6406406406406407,0.2838454279906832,0.06422018348623854,0.014761001341909214,0.6681264398609122,6.25747585841,-0.169
T716I,716T,0.14705249142876187,0.6416416416416416,0.2677967457652652,0.48807339449541287,0.26011059182823565,0.8385848150572198,6.5368783287,-0.225
C136F,136C,0.0,0.6566566566566566,0.06267868543551285,0.001834862385321101,0.0011568182869834806,0.4123514348438092,7.85321734411,-3.166
S982A,982S,0.013681575428893589,0.6631631631631633,0.2597521320337302,0.003669724770642203,0.1560779232798112,0.3990513587837835,7.52239865081,-0.279
A653V,653A,0.1448162037131413,0.7142142142142142,0.41093571745624996,0.07339449541284404,0.008838091712553793,0.5789498080816253,,-1.943
N856K,856N,0.0,0.7827827827827828,0.17629018195230728,0.001834862385321101,0.001388181944380177,0.31982999337710816,7.96786449452,-1.662
L981F,981L,0.0,0.8258258258258259,0.23513108565495366,0.001834862385321101,0.04854009532182685,0.2702003834651687,4.69932906667,-0.305
N764K,764N,0.0,1.0,0.054004401543190306,0.001834862385321101,0.005784091434917403,0.47633984789145145,6.70597805591,-1.126
