variant,,name1,name2,pearsonr correlation,pearsonr p,spearmanr correlation,spearmanr p,total data,not null data,top3
A.23.1+E484K,0,BFE,conservation,0.669614725047366,0.21630924264419243,0.6668859288553501,0.21889398131323168,5,5,"V367F(8.02),F157L(7.76),Q613H(7.09)"
A.23.1+E484K,1,BFE,page rank,0.73495504464673,0.1571249477107368,0.6,0.28475697986529375,5,5,"V367F(8.02),F157L(7.76),Q613H(7.09)"
A.23.1+E484K,2,BFE,degree centrality,0.809833420269808,0.0966588870261862,0.8720815992723809,0.05385421772754211,5,5,"V367F(8.02),F157L(7.76),Q613H(7.09)"
A.23.1+E484K,3,BFE,betweenness centrality,0.5353642782842482,0.3524819104156518,0.49999999999999994,0.39100221895577053,5,5,"V367F(8.02),F157L(7.76),Q613H(7.09)"
A.23.1+E484K,4,BFE,closeness centrality,0.8531699002103155,0.06603169127897934,0.8999999999999998,0.03738607346849874,5,5,"V367F(8.02),F157L(7.76),Q613H(7.09)"
A.23.1+E484K,5,BFE,average shortest length,-0.853708514412679,0.06567426545761879,-0.8999999999999998,0.03738607346849874,5,5,"V367F(8.02),F157L(7.76),Q613H(7.09)"
A.23.1+E484K,6,stability,conservation,0.11027795427333034,0.8598748626224028,0.10259783520851541,0.8695979205185651,5,5,"E484K(-1.02),F157L(-0.97),Q613H(-0.69)"
A.23.1+E484K,7,stability,page rank,0.06538771254498357,0.9168051430593948,0.3,0.6238376647810728,5,5,"E484K(-1.02),F157L(-0.97),Q613H(-0.69)"
A.23.1+E484K,8,stability,degree centrality,-0.05914712039588563,0.9247354800461398,0.20519567041703082,0.7405819415910722,5,5,"E484K(-1.02),F157L(-0.97),Q613H(-0.69)"
A.23.1+E484K,9,stability,betweenness centrality,-0.8709002405157578,0.054591870971074,-0.7999999999999999,0.10408803866182788,5,5,"E484K(-1.02),F157L(-0.97),Q613H(-0.69)"
A.23.1+E484K,10,stability,closeness centrality,-0.18809638542079465,0.7619280479342772,-0.3,0.6238376647810728,5,5,"E484K(-1.02),F157L(-0.97),Q613H(-0.69)"
A.23.1+E484K,11,stability,average shortest length,0.25816444173797126,0.6749835304649032,0.3,0.6238376647810728,5,5,"E484K(-1.02),F157L(-0.97),Q613H(-0.69)"
A.27,0,BFE,conservation,0.5829877867468602,0.41701221325313975,0.39999999999999997,0.6,7,4,"N501Y(6.13),L452R(6.05),D796Y(5.83)"
A.27,1,BFE,page rank,-0.6250959738393126,0.3749040261606874,-0.7999999999999999,0.20000000000000007,7,4,"N501Y(6.13),L452R(6.05),D796Y(5.83)"
A.27,2,BFE,degree centrality,-0.827568164820891,0.17243183517910898,-1.0,0.0,7,4,"N501Y(6.13),L452R(6.05),D796Y(5.83)"
A.27,3,BFE,betweenness centrality,-0.9167734181359333,0.08322658186406673,-1.0,0.0,7,4,"N501Y(6.13),L452R(6.05),D796Y(5.83)"
A.27,4,BFE,closeness centrality,-0.8130560643131843,0.18694393568681567,-1.0,0.0,7,4,"N501Y(6.13),L452R(6.05),D796Y(5.83)"
A.27,5,BFE,average shortest length,0.8028532178039294,0.19714678219607062,1.0,0.0,7,4,"N501Y(6.13),L452R(6.05),D796Y(5.83)"
A.27,6,stability,conservation,-0.04366141850130645,0.9259487036750473,0.1785714285714286,0.7016579425162729,7,7,"A653V(-1.94),L18F(-1.24),N501Y(-0.99)"
A.27,7,stability,page rank,0.43238958243092707,0.33260194564439316,0.25,0.5887244480896833,7,7,"A653V(-1.94),L18F(-1.24),N501Y(-0.99)"
A.27,8,stability,degree centrality,0.6471083914736389,0.11617144513357254,0.5225437283634242,0.22887787757609496,7,7,"A653V(-1.94),L18F(-1.24),N501Y(-0.99)"
A.27,9,stability,betweenness centrality,0.5603921595673187,0.1907020320141891,0.5357142857142858,0.21521745567801273,7,7,"A653V(-1.94),L18F(-1.24),N501Y(-0.99)"
A.27,10,stability,closeness centrality,0.5447299859029652,0.20609646982692725,0.3571428571428572,0.4316113520383278,7,7,"A653V(-1.94),L18F(-1.24),N501Y(-0.99)"
A.27,11,stability,average shortest length,-0.6051767141118328,0.14991045663708338,-0.3571428571428572,0.4316113520383278,7,7,"A653V(-1.94),L18F(-1.24),N501Y(-0.99)"
A.28,0,BFE,conservation,,,,,2,1,N501T(6.66)
A.28,1,BFE,page rank,,,,,2,1,N501T(6.66)
A.28,2,BFE,degree centrality,,,,,2,1,N501T(6.66)
A.28,3,BFE,betweenness centrality,,,,,2,1,N501T(6.66)
A.28,4,BFE,closeness centrality,,,,,2,1,N501T(6.66)
A.28,5,BFE,average shortest length,,,,,2,1,N501T(6.66)
A.28,6,stability,conservation,1.0,1.0,0.9999999999999999,,2,2,"N501T(-1.07),H655Y(-0.47)"
A.28,7,stability,page rank,1.0,1.0,0.9999999999999999,,2,2,"N501T(-1.07),H655Y(-0.47)"
A.28,8,stability,degree centrality,1.0,1.0,0.9999999999999999,,2,2,"N501T(-1.07),H655Y(-0.47)"
A.28,9,stability,betweenness centrality,1.0,1.0,0.9999999999999999,,2,2,"N501T(-1.07),H655Y(-0.47)"
A.28,10,stability,closeness centrality,1.0,1.0,0.9999999999999999,,2,2,"N501T(-1.07),H655Y(-0.47)"
A.28,11,stability,average shortest length,-1.0,1.0,-0.9999999999999999,,2,2,"N501T(-1.07),H655Y(-0.47)"
AT.1,0,BFE,conservation,0.2283371809329241,0.6634467355225225,0.2571428571428572,0.6227871720116618,6,6,"D215G(8.10),D614G(8.00),H245P(7.44)"
AT.1,1,BFE,page rank,0.15138774757003132,0.7746531497764804,0.3714285714285715,0.46847813411078715,6,6,"D215G(8.10),D614G(8.00),H245P(7.44)"
AT.1,2,BFE,degree centrality,0.03285663688464935,0.9507327800052766,0.6667366910003157,0.14808979944035275,6,6,"D215G(8.10),D614G(8.00),H245P(7.44)"
AT.1,3,BFE,betweenness centrality,-0.022824283635712286,0.9657695196780139,-0.2571428571428572,0.6227871720116618,6,6,"D215G(8.10),D614G(8.00),H245P(7.44)"
AT.1,4,BFE,closeness centrality,-0.03268553329573981,0.9509891597545008,-0.028571428571428574,0.9571545189504373,6,6,"D215G(8.10),D614G(8.00),H245P(7.44)"
AT.1,5,BFE,average shortest length,-0.046707285702738105,0.9299900190650859,0.028571428571428574,0.9571545189504373,6,6,"D215G(8.10),D614G(8.00),H245P(7.44)"
AT.1,6,stability,conservation,0.025245977028735843,0.9621390798367282,0.3714285714285715,0.46847813411078715,6,6,"P9L(-2.73),H245P(-2.38),E484K(-1.02)"
AT.1,7,stability,page rank,0.591258445427984,0.21646033169586862,0.7714285714285715,0.07239650145772594,6,6,"P9L(-2.73),H245P(-2.38),E484K(-1.02)"
AT.1,8,stability,degree centrality,0.33655351436140035,0.5142301452932956,0.753702346348183,0.0835232813732598,6,6,"P9L(-2.73),H245P(-2.38),E484K(-1.02)"
AT.1,9,stability,betweenness centrality,0.2600558890515151,0.6187098347908369,-0.028571428571428574,0.9571545189504373,6,6,"P9L(-2.73),H245P(-2.38),E484K(-1.02)"
AT.1,10,stability,closeness centrality,0.0666739050786056,0.900137338791559,-0.08571428571428573,0.8717434402332361,6,6,"P9L(-2.73),H245P(-2.38),E484K(-1.02)"
AT.1,11,stability,average shortest length,-0.034463717514772146,0.9483248908306005,0.08571428571428573,0.8717434402332361,6,6,"P9L(-2.73),H245P(-2.38),E484K(-1.02)"
AV.1,0,BFE,conservation,0.7908288038741118,0.03421555982558871,0.702731220902536,0.07823745383207154,9,7,"D614G(8.00),D80G(7.73),N439K(7.00)"
AV.1,1,BFE,page rank,0.43790260008629894,0.3257709335394239,0.3571428571428572,0.4316113520383278,9,7,"D614G(8.00),D80G(7.73),N439K(7.00)"
AV.1,2,BFE,degree centrality,0.5481980672044142,0.20263815175855532,0.4865062298556019,0.268248562317831,9,7,"D614G(8.00),D80G(7.73),N439K(7.00)"
AV.1,3,BFE,betweenness centrality,0.3597332325099568,0.42803344660317644,0.3571428571428572,0.4316113520383278,9,7,"D614G(8.00),D80G(7.73),N439K(7.00)"
AV.1,4,BFE,closeness centrality,0.5517731533583633,0.19910252912846552,0.6071428571428572,0.1482311614811614,9,7,"D614G(8.00),D80G(7.73),N439K(7.00)"
AV.1,5,BFE,average shortest length,-0.527405740603746,0.22378887298979683,-0.6071428571428572,0.1482311614811614,9,7,"D614G(8.00),D80G(7.73),N439K(7.00)"
AV.1,6,stability,conservation,0.463825173342033,0.20853220211825896,0.3849406080276326,0.30629853528662443,9,9,"G142D(-4.78),N439K(-1.98),D80G(-1.58)"
AV.1,7,stability,page rank,0.6868907851983476,0.04095587535861166,0.6666666666666667,0.04986723056888511,9,9,"G142D(-4.78),N439K(-1.98),D80G(-1.58)"
AV.1,8,stability,degree centrality,0.38174323103119717,0.3106763596538499,0.20083857810137354,0.6043593545214949,9,9,"G142D(-4.78),N439K(-1.98),D80G(-1.58)"
AV.1,9,stability,betweenness centrality,-0.07721770489607951,0.843472914522517,-0.25,0.5164895523012263,9,9,"G142D(-4.78),N439K(-1.98),D80G(-1.58)"
AV.1,10,stability,closeness centrality,-0.1097956542610089,0.7785609642208478,-0.38333333333333336,0.30849527238037144,9,9,"G142D(-4.78),N439K(-1.98),D80G(-1.58)"
AV.1,11,stability,average shortest length,0.19035882348722075,0.6237243593884965,0.38333333333333336,0.30849527238037144,9,9,"G142D(-4.78),N439K(-1.98),D80G(-1.58)"
AY.4.2,0,BFE,conservation,0.0505615387051464,0.8826325741248664,-0.14679516868351475,0.6666844982807617,11,11,"T478K(8.04),D614G(8.00),E156G(7.40)"
AY.4.2,1,BFE,page rank,-0.14923353601283038,0.6614309940942384,-0.045454545454545456,0.8944269969053026,11,11,"T478K(8.04),D614G(8.00),E156G(7.40)"
AY.4.2,2,BFE,degree centrality,-0.31585856575076043,0.34403113996324053,-0.17431926281167376,0.6082120315809951,11,11,"T478K(8.04),D614G(8.00),E156G(7.40)"
AY.4.2,3,BFE,betweenness centrality,0.17775518274576907,0.6010470661581898,0.10909090909090911,0.7495085962341482,11,11,"T478K(8.04),D614G(8.00),E156G(7.40)"
AY.4.2,4,BFE,closeness centrality,-0.4404396184269157,0.17516888148511603,-0.4727272727272727,0.14199852020631992,11,11,"T478K(8.04),D614G(8.00),E156G(7.40)"
AY.4.2,5,BFE,average shortest length,0.3503212909989106,0.2908752278543881,0.4727272727272727,0.14199852020631992,11,11,"T478K(8.04),D614G(8.00),E156G(7.40)"
AY.4.2,6,stability,conservation,0.4376887777739492,0.17819554654014744,0.27524094128159016,0.41268779795850485,11,11,"G142D(-4.78),E156G(-3.67),Y145H(-2.46)"
AY.4.2,7,stability,page rank,0.40148622132352696,0.220993330242061,0.10909090909090911,0.7495085962341482,11,11,"G142D(-4.78),E156G(-3.67),Y145H(-2.46)"
AY.4.2,8,stability,degree centrality,0.2146059253746517,0.5262871901502724,0.009174698042719672,0.9786414788578404,11,11,"G142D(-4.78),E156G(-3.67),Y145H(-2.46)"
AY.4.2,9,stability,betweenness centrality,-0.18967662670387062,0.5764350951764543,-0.23636363636363636,0.4840911622253965,11,11,"G142D(-4.78),E156G(-3.67),Y145H(-2.46)"
AY.4.2,10,stability,closeness centrality,-0.027944905361589306,0.9349976481705016,-0.08181818181818183,0.8109903943000458,11,11,"G142D(-4.78),E156G(-3.67),Y145H(-2.46)"
AY.4.2,11,stability,average shortest length,0.16555892965356897,0.6266193444944326,0.08181818181818183,0.8109903943000458,11,11,"G142D(-4.78),E156G(-3.67),Y145H(-2.46)"
B.1.1.318,0,BFE,conservation,0.7977649876278832,0.10579969154072391,0.8207826816681233,0.08858700531354381,5,5,"D614G(8.00),D796H(6.98),E484K(6.90)"
B.1.1.318,1,BFE,page rank,0.5552250011035322,0.3312855450590825,0.49999999999999994,0.39100221895577053,5,5,"D614G(8.00),D796H(6.98),E484K(6.90)"
B.1.1.318,2,BFE,degree centrality,0.5456891571895093,0.3414218885920479,0.30779350562554625,0.614384002810333,5,5,"D614G(8.00),D796H(6.98),E484K(6.90)"
B.1.1.318,3,BFE,betweenness centrality,0.025296091627476647,0.9677954510823473,0.49999999999999994,0.39100221895577053,5,5,"D614G(8.00),D796H(6.98),E484K(6.90)"
B.1.1.318,4,BFE,closeness centrality,0.5182598235899629,0.3709924396489736,0.49999999999999994,0.39100221895577053,5,5,"D614G(8.00),D796H(6.98),E484K(6.90)"
B.1.1.318,5,BFE,average shortest length,-0.582803917625552,0.3024118717872828,-0.49999999999999994,0.39100221895577053,5,5,"D614G(8.00),D796H(6.98),E484K(6.90)"
B.1.1.318,6,stability,conservation,0.30690375320742047,0.6154620365045945,0.5642880936468347,0.32172333582430024,5,5,"T95I(-1.19),E484K(-1.02),P681H(-0.27)"
B.1.1.318,7,stability,page rank,-0.1586964512937301,0.7987927620010434,0.19999999999999998,0.747060078104662,5,5,"T95I(-1.19),E484K(-1.02),P681H(-0.27)"
B.1.1.318,8,stability,degree centrality,-0.027469143214697456,0.9650295994918127,-0.15389675281277312,0.8048288166080632,5,5,"T95I(-1.19),E484K(-1.02),P681H(-0.27)"
B.1.1.318,9,stability,betweenness centrality,-0.2722499426641879,0.6576916774404892,0.39999999999999997,0.5046315754686911,5,5,"T95I(-1.19),E484K(-1.02),P681H(-0.27)"
B.1.1.318,10,stability,closeness centrality,0.09845481844636964,0.8748462481495675,0.3,0.6238376647810728,5,5,"T95I(-1.19),E484K(-1.02),P681H(-0.27)"
B.1.1.318,11,stability,average shortest length,-0.005408224359969349,0.9931140684460413,-0.3,0.6238376647810728,5,5,"T95I(-1.19),E484K(-1.02),P681H(-0.27)"
B.1.1.519,0,BFE,conservation,0.5506727807659526,0.4493272192340474,0.10540925533894598,0.894590744661054,4,4,"T478K(8.04),D614G(8.00),T732A(7.94)"
B.1.1.519,1,BFE,page rank,0.5248143046166812,0.4751856953833188,-0.39999999999999997,0.6,4,4,"T478K(8.04),D614G(8.00),T732A(7.94)"
B.1.1.519,2,BFE,degree centrality,0.5495279734115904,0.45047202658840957,-0.10540925533894598,0.894590744661054,4,4,"T478K(8.04),D614G(8.00),T732A(7.94)"
B.1.1.519,3,BFE,betweenness centrality,0.46233675795216744,0.5376632420478326,0.7999999999999999,0.20000000000000007,4,4,"T478K(8.04),D614G(8.00),T732A(7.94)"
B.1.1.519,4,BFE,closeness centrality,0.5872360309969862,0.4127639690030138,0.19999999999999998,0.8,4,4,"T478K(8.04),D614G(8.00),T732A(7.94)"
B.1.1.519,5,BFE,average shortest length,-0.6351833807545234,0.3648166192454766,-0.19999999999999998,0.8,4,4,"T478K(8.04),D614G(8.00),T732A(7.94)"
B.1.1.519,6,stability,conservation,0.6772219525694116,0.32277804743058836,0.7378647873726218,0.2621352126273781,4,4,"T478K(-0.58),P681H(-0.27),D614G(-0.25)"
B.1.1.519,7,stability,page rank,0.7103479523127251,0.2896520476872749,1.0,0.0,4,4,"T478K(-0.58),P681H(-0.27),D614G(-0.25)"
B.1.1.519,8,stability,degree centrality,0.6873352513520459,0.3126647486479541,0.9486832980505139,0.051316701949486114,4,4,"T478K(-0.58),P681H(-0.27),D614G(-0.25)"
B.1.1.519,9,stability,betweenness centrality,-0.9053142163624249,0.09468578363757507,-0.19999999999999998,0.8,4,4,"T478K(-0.58),P681H(-0.27),D614G(-0.25)"
B.1.1.519,10,stability,closeness centrality,0.653519048938421,0.34648095106157895,0.7999999999999999,0.20000000000000007,4,4,"T478K(-0.58),P681H(-0.27),D614G(-0.25)"
B.1.1.519,11,stability,average shortest length,-0.6065285778235309,0.39347142217646913,-0.7999999999999999,0.20000000000000007,4,4,"T478K(-0.58),P681H(-0.27),D614G(-0.25)"
B.1.1.7(Alpha),0,BFE,conservation,0.5466607639670256,0.2616903562426876,0.7714285714285715,0.07239650145772594,7,6,"D614G(8.00),S982A(7.52),T716I(6.54)"
B.1.1.7(Alpha),1,BFE,page rank,0.7822469072143045,0.06596207922685123,0.6,0.20799999999999982,7,6,"D614G(8.00),S982A(7.52),T716I(6.54)"
B.1.1.7(Alpha),2,BFE,degree centrality,0.6566044728182701,0.15663404804630268,0.5428571428571429,0.26570262390670557,7,6,"D614G(8.00),S982A(7.52),T716I(6.54)"
B.1.1.7(Alpha),3,BFE,betweenness centrality,0.12931074125571598,0.8071150078836681,0.7142857142857143,0.1107871720116617,7,6,"D614G(8.00),S982A(7.52),T716I(6.54)"
B.1.1.7(Alpha),4,BFE,closeness centrality,0.22180695141538403,0.6727458379738231,0.3142857142857143,0.5440932944606414,7,6,"D614G(8.00),S982A(7.52),T716I(6.54)"
B.1.1.7(Alpha),5,BFE,average shortest length,-0.2838102741903995,0.5857148022578833,-0.3142857142857143,0.5440932944606414,7,6,"D614G(8.00),S982A(7.52),T716I(6.54)"
B.1.1.7(Alpha),6,stability,conservation,0.34535692510279126,0.44803331505892396,0.4642857142857144,0.2939341076002517,7,7,"N501Y(-0.99),D1118H(-0.81),A570D(-0.57)"
B.1.1.7(Alpha),7,stability,page rank,0.5430419241265494,0.20778991077425663,0.6071428571428572,0.1482311614811614,7,7,"N501Y(-0.99),D1118H(-0.81),A570D(-0.57)"
B.1.1.7(Alpha),8,stability,degree centrality,0.1993332502538985,0.6682840259532093,0.1785714285714286,0.7016579425162729,7,7,"N501Y(-0.99),D1118H(-0.81),A570D(-0.57)"
B.1.1.7(Alpha),9,stability,betweenness centrality,0.10018839557384712,0.8307672431511598,0.5357142857142858,0.21521745567801273,7,7,"N501Y(-0.99),D1118H(-0.81),A570D(-0.57)"
B.1.1.7(Alpha),10,stability,closeness centrality,-0.31811324437997957,0.48685949955623503,0.0,1.0,7,7,"N501Y(-0.99),D1118H(-0.81),A570D(-0.57)"
B.1.1.7(Alpha),11,stability,average shortest length,0.3515355261358561,0.43939532260056424,0.0,1.0,7,7,"N501Y(-0.99),D1118H(-0.81),A570D(-0.57)"
B.1.1.7+E484K,0,BFE,conservation,0.42849467702052024,0.3374644187737964,0.5225437283634242,0.22887787757609496,8,7,"D614G(8.00),S982A(7.52),E484K(6.90)"
B.1.1.7+E484K,1,BFE,page rank,0.7801374617284168,0.038518019193248855,0.5357142857142858,0.21521745567801273,8,7,"D614G(8.00),S982A(7.52),E484K(6.90)"
B.1.1.7+E484K,2,BFE,degree centrality,0.6194484279896146,0.13793714336784674,0.30631873731649006,0.5040270086665881,8,7,"D614G(8.00),S982A(7.52),E484K(6.90)"
B.1.1.7+E484K,3,BFE,betweenness centrality,0.1413837315648443,0.7623712402910607,0.6071428571428572,0.1482311614811614,8,7,"D614G(8.00),S982A(7.52),E484K(6.90)"
B.1.1.7+E484K,4,BFE,closeness centrality,0.16717627770201096,0.7201419644022582,0.1785714285714286,0.7016579425162729,8,7,"D614G(8.00),S982A(7.52),E484K(6.90)"
B.1.1.7+E484K,5,BFE,average shortest length,-0.23059166378688822,0.6188594678082434,-0.1785714285714286,0.7016579425162729,8,7,"D614G(8.00),S982A(7.52),E484K(6.90)"
B.1.1.7+E484K,6,stability,conservation,0.5392954990559412,0.1677749112169444,0.5868368683374969,0.12619898553608927,8,8,"E484K(-1.02),N501Y(-0.99),D1118H(-0.81)"
B.1.1.7+E484K,7,stability,page rank,0.4590376203173741,0.2525692551952243,0.38095238095238104,0.35181255311756476,8,8,"E484K(-1.02),N501Y(-0.99),D1118H(-0.81)"
B.1.1.7+E484K,8,stability,degree centrality,0.3162504763125029,0.4453810646368914,0.3952166664313755,0.33251710793382766,8,8,"E484K(-1.02),N501Y(-0.99),D1118H(-0.81)"
B.1.1.7+E484K,9,stability,betweenness centrality,-0.03565669102844865,0.9332003500866554,0.2380952380952381,0.5701563208157683,8,8,"E484K(-1.02),N501Y(-0.99),D1118H(-0.81)"
B.1.1.7+E484K,10,stability,closeness centrality,0.03275615067341453,0.9386261361165161,0.2142857142857143,0.6103444156452669,8,8,"E484K(-1.02),N501Y(-0.99),D1118H(-0.81)"
B.1.1.7+E484K,11,stability,average shortest length,0.01522964797713694,0.9714488252327691,-0.2142857142857143,0.6103444156452669,8,8,"E484K(-1.02),N501Y(-0.99),D1118H(-0.81)"
B.1.1.7+L452R,0,BFE,conservation,0.6048024477205483,0.1502311949441816,0.7857142857142859,0.03623846267982713,8,7,"D614G(8.00),S982A(7.52),T716I(6.54)"
B.1.1.7+L452R,1,BFE,page rank,0.7009303613256743,0.07934254332567492,0.21428571428571433,0.6445115810207203,8,7,"D614G(8.00),S982A(7.52),T716I(6.54)"
B.1.1.7+L452R,2,BFE,degree centrality,0.6676574373775775,0.10124423367019532,0.3214285714285715,0.4820720382996776,8,7,"D614G(8.00),S982A(7.52),T716I(6.54)"
B.1.1.7+L452R,3,BFE,betweenness centrality,0.17614798509754956,0.7055795141326413,0.39285714285714296,0.38331687042697266,8,7,"D614G(8.00),S982A(7.52),T716I(6.54)"
B.1.1.7+L452R,4,BFE,closeness centrality,0.13565278469603217,0.7718216920790743,0.1785714285714286,0.7016579425162729,8,7,"D614G(8.00),S982A(7.52),T716I(6.54)"
B.1.1.7+L452R,5,BFE,average shortest length,-0.18443116205345372,0.6921976807248118,-0.1785714285714286,0.7016579425162729,8,7,"D614G(8.00),S982A(7.52),T716I(6.54)"
B.1.1.7+L452R,6,stability,conservation,0.45115364595601853,0.26186250084137164,0.5000000000000001,0.20703124999999997,8,8,"N501Y(-0.99),L452R(-0.93),D1118H(-0.81)"
B.1.1.7+L452R,7,stability,page rank,0.441881137838803,0.2730067257788263,0.3571428571428572,0.38512064355625636,8,8,"N501Y(-0.99),L452R(-0.93),D1118H(-0.81)"
B.1.1.7+L452R,8,stability,degree centrality,0.2758265340062743,0.5084577445184794,0.19047619047619052,0.6514014957024814,8,8,"N501Y(-0.99),L452R(-0.93),D1118H(-0.81)"
B.1.1.7+L452R,9,stability,betweenness centrality,0.18576278466722246,0.6596246612379486,0.4285714285714286,0.2894032248467901,8,8,"N501Y(-0.99),L452R(-0.93),D1118H(-0.81)"
B.1.1.7+L452R,10,stability,closeness centrality,-0.32735005822896857,0.42865679570059056,0.04761904761904763,0.9108491685195836,8,8,"N501Y(-0.99),L452R(-0.93),D1118H(-0.81)"
B.1.1.7+L452R,11,stability,average shortest length,0.3772231499170886,0.3569395614929497,-0.04761904761904763,0.9108491685195836,8,8,"N501Y(-0.99),L452R(-0.93),D1118H(-0.81)"
B.1.1.7+S494P,0,BFE,conservation,0.5460147036291345,0.20481210034395617,0.6847124716486249,0.08966645319106824,8,7,"D614G(8.00),S982A(7.52),T716I(6.54)"
B.1.1.7+S494P,1,BFE,page rank,0.7655641435912215,0.04484062682949149,0.5714285714285715,0.1802019889115274,8,7,"D614G(8.00),S982A(7.52),T716I(6.54)"
B.1.1.7+S494P,2,BFE,degree centrality,0.6691188453723697,0.10022326829360316,0.4684874806016907,0.288996771597148,8,7,"D614G(8.00),S982A(7.52),T716I(6.54)"
B.1.1.7+S494P,3,BFE,betweenness centrality,0.15266412629373113,0.7438389012548313,0.7142857142857144,0.07134356146753759,8,7,"D614G(8.00),S982A(7.52),T716I(6.54)"
B.1.1.7+S494P,4,BFE,closeness centrality,0.27600787216403844,0.5490763857013338,0.3571428571428572,0.4316113520383278,8,7,"D614G(8.00),S982A(7.52),T716I(6.54)"
B.1.1.7+S494P,5,BFE,average shortest length,-0.3274291345207181,0.4734504253208858,-0.3571428571428572,0.4316113520383278,8,7,"D614G(8.00),S982A(7.52),T716I(6.54)"
B.1.1.7+S494P,6,stability,conservation,0.23396549365450126,0.5770608452436466,0.407192929050508,0.31670918491612826,8,8,"N501Y(-0.99),D1118H(-0.81),A570D(-0.57)"
B.1.1.7+S494P,7,stability,page rank,0.5429637246243009,0.16433525162189208,0.523809523809524,0.18272075053971484,8,8,"N501Y(-0.99),D1118H(-0.81),A570D(-0.57)"
B.1.1.7+S494P,8,stability,degree centrality,0.16058569885618657,0.7040382012166632,0.1197626261913259,0.7775830437712571,8,8,"N501Y(-0.99),D1118H(-0.81),A570D(-0.57)"
B.1.1.7+S494P,9,stability,betweenness centrality,0.07575386634558945,0.8585039710694763,0.4523809523809524,0.260404767436885,8,8,"N501Y(-0.99),D1118H(-0.81),A570D(-0.57)"
B.1.1.7+S494P,10,stability,closeness centrality,-0.3226603085359608,0.4356905242918293,-0.04761904761904763,0.9108491685195836,8,8,"N501Y(-0.99),D1118H(-0.81),A570D(-0.57)"
B.1.1.7+S494P,11,stability,average shortest length,0.3472107679992845,0.3994101090378403,0.04761904761904763,0.9108491685195836,8,8,"N501Y(-0.99),D1118H(-0.81),A570D(-0.57)"
B.1.351(Beta),0,BFE,conservation,0.5040288079256916,0.24874552815443046,0.3571428571428572,0.4316113520383278,7,7,"D215G(8.10),D614G(8.00),D80A(7.74)"
B.1.351(Beta),1,BFE,page rank,0.7904078733052485,0.03437960816665,0.7857142857142859,0.03623846267982713,7,7,"D215G(8.10),D614G(8.00),D80A(7.74)"
B.1.351(Beta),2,BFE,degree centrality,0.8309395567175746,0.020561166186109474,0.8571428571428573,0.01369732661532562,7,7,"D215G(8.10),D614G(8.00),D80A(7.74)"
B.1.351(Beta),3,BFE,betweenness centrality,0.19238628852358688,0.6794054196442285,0.4642857142857144,0.2939341076002517,7,7,"D215G(8.10),D614G(8.00),D80A(7.74)"
B.1.351(Beta),4,BFE,closeness centrality,0.5344664954260364,0.21649461212332002,0.7142857142857144,0.07134356146753759,7,7,"D215G(8.10),D614G(8.00),D80A(7.74)"
B.1.351(Beta),5,BFE,average shortest length,-0.46509355563143534,0.2929819654517268,-0.7142857142857144,0.07134356146753759,7,7,"D215G(8.10),D614G(8.00),D80A(7.74)"
B.1.351(Beta),6,stability,conservation,0.6242114150532196,0.1340532596078835,0.39285714285714296,0.38331687042697266,7,7,"D80A(-1.20),E484K(-1.02),N501Y(-0.99)"
B.1.351(Beta),7,stability,page rank,0.8841240739286249,0.00824006536358696,0.7142857142857144,0.07134356146753759,7,7,"D80A(-1.20),E484K(-1.02),N501Y(-0.99)"
B.1.351(Beta),8,stability,degree centrality,0.8010740098471592,0.03035701844265814,0.7142857142857144,0.07134356146753759,7,7,"D80A(-1.20),E484K(-1.02),N501Y(-0.99)"
B.1.351(Beta),9,stability,betweenness centrality,-0.46076322037263856,0.2981017576182231,-0.3214285714285715,0.4820720382996776,7,7,"D80A(-1.20),E484K(-1.02),N501Y(-0.99)"
B.1.351(Beta),10,stability,closeness centrality,0.40362635547045145,0.3692066690267059,0.10714285714285716,0.8191508555699912,7,7,"D80A(-1.20),E484K(-1.02),N501Y(-0.99)"
B.1.351(Beta),11,stability,average shortest length,-0.4147220543767557,0.35489687757483623,-0.10714285714285716,0.8191508555699912,7,7,"D80A(-1.20),E484K(-1.02),N501Y(-0.99)"
B.1.351+E516Q,0,BFE,conservation,0.18984014242133834,0.6525093966884667,0.14285714285714288,0.735764859879812,8,8,"D215G(8.10),D614G(8.00),D80A(7.74)"
B.1.351+E516Q,1,BFE,page rank,0.34830478147491917,0.397824977211866,0.3571428571428572,0.38512064355625636,8,8,"D215G(8.10),D614G(8.00),D80A(7.74)"
B.1.351+E516Q,2,BFE,degree centrality,0.4762285338852008,0.2328928712984097,0.3571428571428572,0.38512064355625636,8,8,"D215G(8.10),D614G(8.00),D80A(7.74)"
B.1.351+E516Q,3,BFE,betweenness centrality,0.2824940497429914,0.4978288091871359,0.4047619047619048,0.3198886412288162,8,8,"D215G(8.10),D614G(8.00),D80A(7.74)"
B.1.351+E516Q,4,BFE,closeness centrality,0.37670363469039025,0.357656482748865,0.6904761904761906,0.057990318164572716,8,8,"D215G(8.10),D614G(8.00),D80A(7.74)"
B.1.351+E516Q,5,BFE,average shortest length,-0.3062008577854882,0.46075033619661593,-0.6904761904761906,0.057990318164572716,8,8,"D215G(8.10),D614G(8.00),D80A(7.74)"
B.1.351+E516Q,6,stability,conservation,0.5732223854862653,0.1374390932777334,0.4523809523809524,0.260404767436885,8,8,"D80A(-1.20),E484K(-1.02),N501Y(-0.99)"
B.1.351+E516Q,7,stability,page rank,0.7767218856052664,0.023375869968915365,0.6666666666666669,0.07098765432098751,8,8,"D80A(-1.20),E484K(-1.02),N501Y(-0.99)"
B.1.351+E516Q,8,stability,degree centrality,0.7468374340474868,0.03325182907886877,0.6666666666666669,0.07098765432098751,8,8,"D80A(-1.20),E484K(-1.02),N501Y(-0.99)"
B.1.351+E516Q,9,stability,betweenness centrality,-0.44893227494176113,0.26451125359869526,-0.28571428571428575,0.4927262450169573,8,8,"D80A(-1.20),E484K(-1.02),N501Y(-0.99)"
B.1.351+E516Q,10,stability,closeness centrality,0.39986743932880914,0.32633539990760896,0.2380952380952381,0.5701563208157683,8,8,"D80A(-1.20),E484K(-1.02),N501Y(-0.99)"
B.1.351+E516Q,11,stability,average shortest length,-0.40959380868172823,0.3135839305643039,-0.2380952380952381,0.5701563208157683,8,8,"D80A(-1.20),E484K(-1.02),N501Y(-0.99)"
B.1.351+P384L,0,BFE,conservation,-0.13238238615086223,0.7546677966006281,0.023809523809523815,0.9553740118158807,8,8,"D215G(8.10),D614G(8.00),D80A(7.74)"
B.1.351+P384L,1,BFE,page rank,0.7459635321356177,0.033573231156783186,0.7142857142857144,0.04652823228416724,8,8,"D215G(8.10),D614G(8.00),D80A(7.74)"
B.1.351+P384L,2,BFE,degree centrality,0.8379680168905781,0.009384577450328922,0.7857142857142858,0.020815127253525276,8,8,"D215G(8.10),D614G(8.00),D80A(7.74)"
B.1.351+P384L,3,BFE,betweenness centrality,0.29694296155953576,0.4750949166941004,0.523809523809524,0.18272075053971484,8,8,"D215G(8.10),D614G(8.00),D80A(7.74)"
B.1.351+P384L,4,BFE,closeness centrality,0.4302047142839399,0.2873659702569347,0.6904761904761906,0.057990318164572716,8,8,"D215G(8.10),D614G(8.00),D80A(7.74)"
B.1.351+P384L,5,BFE,average shortest length,-0.33464549276086275,0.4178110614772441,-0.6904761904761906,0.057990318164572716,8,8,"D215G(8.10),D614G(8.00),D80A(7.74)"
B.1.351+P384L,6,stability,conservation,0.7210100566923681,0.043562656386143,0.5952380952380953,0.11952980613879259,8,8,"D80A(-1.20),E484K(-1.02),N501Y(-0.99)"
B.1.351+P384L,7,stability,page rank,0.6861580064785073,0.06023233290389568,0.523809523809524,0.18272075053971484,8,8,"D80A(-1.20),E484K(-1.02),N501Y(-0.99)"
B.1.351+P384L,8,stability,degree centrality,0.5070930988917376,0.19962110772712108,0.5000000000000001,0.20703124999999997,8,8,"D80A(-1.20),E484K(-1.02),N501Y(-0.99)"
B.1.351+P384L,9,stability,betweenness centrality,-0.5157615087927732,0.19075829696396554,-0.261904761904762,0.530922861565801,8,8,"D80A(-1.20),E484K(-1.02),N501Y(-0.99)"
B.1.351+P384L,10,stability,closeness centrality,0.3722954042032274,0.36376602881382913,0.09523809523809526,0.8225054302036114,8,8,"D80A(-1.20),E484K(-1.02),N501Y(-0.99)"
B.1.351+P384L,11,stability,average shortest length,-0.41189059280491064,0.31060797000366824,-0.09523809523809526,0.8225054302036114,8,8,"D80A(-1.20),E484K(-1.02),N501Y(-0.99)"
B.1.427(Epsilon),0,BFE,conservation,-0.21356862153397013,0.7864313784660298,0.19999999999999998,0.8,4,4,"D614G(8.00),W152C(7.92),L452R(6.05)"
B.1.427(Epsilon),1,BFE,page rank,0.7205389504856557,0.27946104951434425,0.7999999999999999,0.20000000000000007,4,4,"D614G(8.00),W152C(7.92),L452R(6.05)"
B.1.427(Epsilon),2,BFE,degree centrality,0.4502151472981961,0.5497848527018039,0.19999999999999998,0.8,4,4,"D614G(8.00),W152C(7.92),L452R(6.05)"
B.1.427(Epsilon),3,BFE,betweenness centrality,0.4541933747516781,0.5458066252483219,0.19999999999999998,0.8,4,4,"D614G(8.00),W152C(7.92),L452R(6.05)"
B.1.427(Epsilon),4,BFE,closeness centrality,-0.45943849928342445,0.5405615007165756,0.19999999999999998,0.8,4,4,"D614G(8.00),W152C(7.92),L452R(6.05)"
B.1.427(Epsilon),5,BFE,average shortest length,0.49092663316267426,0.5090733668373257,-0.19999999999999998,0.8,4,4,"D614G(8.00),W152C(7.92),L452R(6.05)"
B.1.427(Epsilon),6,stability,conservation,0.5045074493077513,0.49549255069224873,0.39999999999999997,0.6,4,4,"S13I(-2.38),W152C(-2.36),L452R(-0.93)"
B.1.427(Epsilon),7,stability,page rank,0.8848317694645284,0.11516823053547165,1.0,0.0,4,4,"S13I(-2.38),W152C(-2.36),L452R(-0.93)"
B.1.427(Epsilon),8,stability,degree centrality,0.7657542584561239,0.23424574154387612,0.39999999999999997,0.6,4,4,"S13I(-2.38),W152C(-2.36),L452R(-0.93)"
B.1.427(Epsilon),9,stability,betweenness centrality,0.2156337226115347,0.7843662773884653,0.39999999999999997,0.6,4,4,"S13I(-2.38),W152C(-2.36),L452R(-0.93)"
B.1.427(Epsilon),10,stability,closeness centrality,0.5795503579845054,0.4204496420154946,0.39999999999999997,0.6,4,4,"S13I(-2.38),W152C(-2.36),L452R(-0.93)"
B.1.427(Epsilon),11,stability,average shortest length,-0.5652139635037873,0.4347860364962127,-0.39999999999999997,0.6,4,4,"S13I(-2.38),W152C(-2.36),L452R(-0.93)"
B.1.525(Eta),0,BFE,conservation,0.34238389177843204,0.5064924342398948,0.17647058823529413,0.7380419295745979,6,6,"D614G(8.00),F888L(7.77),E484K(6.90)"
B.1.525(Eta),1,BFE,page rank,0.6684737444195028,0.1466455185013228,0.753702346348183,0.0835232813732598,6,6,"D614G(8.00),F888L(7.77),E484K(6.90)"
B.1.525(Eta),2,BFE,degree centrality,0.4117944010865999,0.4172233397162448,0.5,0.31250000000000006,6,6,"D614G(8.00),F888L(7.77),E484K(6.90)"
B.1.525(Eta),3,BFE,betweenness centrality,-0.034709024495313864,0.9479573705222255,-0.14494275891311212,0.7841083696021082,6,6,"D614G(8.00),F888L(7.77),E484K(6.90)"
B.1.525(Eta),4,BFE,closeness centrality,0.05097014655720902,0.923610989259145,0.0,1.0,6,6,"D614G(8.00),F888L(7.77),E484K(6.90)"
B.1.525(Eta),5,BFE,average shortest length,-0.011698267069131907,0.9824533998470236,0.0,1.0,6,6,"D614G(8.00),F888L(7.77),E484K(6.90)"
B.1.525(Eta),6,stability,conservation,0.15242810274170693,0.7731286280412921,-0.028988551782622423,0.9565293523898406,6,6,"F888L(-1.79),Q677H(-1.43),A67V(-1.29)"
B.1.525(Eta),7,stability,page rank,-0.17704608964774388,0.7372056485062841,0.028571428571428574,0.9571545189504373,6,6,"F888L(-1.79),Q677H(-1.43),A67V(-1.29)"
B.1.525(Eta),8,stability,degree centrality,-0.14396003768791238,0.7855516928252932,0.20291986247835697,0.6997979681570189,6,6,"F888L(-1.79),Q677H(-1.43),A67V(-1.29)"
B.1.525(Eta),9,stability,betweenness centrality,-0.22458453297654712,0.6687870217290643,0.08571428571428573,0.8717434402332361,6,6,"F888L(-1.79),Q677H(-1.43),A67V(-1.29)"
B.1.525(Eta),10,stability,closeness centrality,0.09115133883149765,0.8636516602361018,0.08571428571428573,0.8717434402332361,6,6,"F888L(-1.79),Q677H(-1.43),A67V(-1.29)"
B.1.525(Eta),11,stability,average shortest length,-0.1239378309516903,0.8150451324243024,-0.08571428571428573,0.8717434402332361,6,6,"F888L(-1.79),Q677H(-1.43),A67V(-1.29)"
B.1.526(Iota),0,BFE,conservation,-0.38272765785932994,0.6172723421406701,0.19999999999999998,0.8,4,4,"D614G(8.00),D253G(7.71),T95I(6.61)"
B.1.526(Iota),1,BFE,page rank,0.5988241604842348,0.4011758395157652,0.7999999999999999,0.20000000000000007,4,4,"D614G(8.00),D253G(7.71),T95I(6.61)"
B.1.526(Iota),2,BFE,degree centrality,0.37337178610499144,0.6266282138950086,0.21081851067789195,0.7891814893221081,4,4,"D614G(8.00),D253G(7.71),T95I(6.61)"
B.1.526(Iota),3,BFE,betweenness centrality,-0.74020252676725,0.25979747323275004,-0.19999999999999998,0.8,4,4,"D614G(8.00),D253G(7.71),T95I(6.61)"
B.1.526(Iota),4,BFE,closeness centrality,0.08509271372357508,0.9149072862764249,0.0,1.0,4,4,"D614G(8.00),D253G(7.71),T95I(6.61)"
B.1.526(Iota),5,BFE,average shortest length,0.18685038159957262,0.8131496184004274,0.0,1.0,4,4,"D614G(8.00),D253G(7.71),T95I(6.61)"
B.1.526(Iota),6,stability,conservation,0.46975356867382867,0.5302464313261713,0.19999999999999998,0.8,4,4,"L5F(-1.19),T95I(-1.19),D253G(-1.13)"
B.1.526(Iota),7,stability,page rank,0.6100494868105594,0.38995051318944063,0.7999999999999999,0.20000000000000007,4,4,"L5F(-1.19),T95I(-1.19),D253G(-1.13)"
B.1.526(Iota),8,stability,degree centrality,0.5286806400486874,0.4713193599513126,0.21081851067789195,0.7891814893221081,4,4,"L5F(-1.19),T95I(-1.19),D253G(-1.13)"
B.1.526(Iota),9,stability,betweenness centrality,-0.07044380706004097,0.9295561929399591,-0.19999999999999998,0.8,4,4,"L5F(-1.19),T95I(-1.19),D253G(-1.13)"
B.1.526(Iota),10,stability,closeness centrality,0.481329616586424,0.518670383413576,0.0,1.0,4,4,"L5F(-1.19),T95I(-1.19),D253G(-1.13)"
B.1.526(Iota),11,stability,average shortest length,-0.39904613099722464,0.6009538690027754,0.0,1.0,4,4,"L5F(-1.19),T95I(-1.19),D253G(-1.13)"
B.1.617.1(Kappa),0,BFE,conservation,0.2998748929013678,0.6239896221347777,0.051298917604257706,0.9347128481082341,5,5,"D614G(8.00),P681R(6.47),E484Q(6.26)"
B.1.617.1(Kappa),1,BFE,page rank,0.849879501233695,0.06822827594421702,0.49999999999999994,0.39100221895577053,5,5,"D614G(8.00),P681R(6.47),E484Q(6.26)"
B.1.617.1(Kappa),2,BFE,degree centrality,0.3156831526067295,0.6048392056236995,0.051298917604257706,0.9347128481082341,5,5,"D614G(8.00),P681R(6.47),E484Q(6.26)"
B.1.617.1(Kappa),3,BFE,betweenness centrality,-0.6605435755549949,0.22493418474411972,-0.7999999999999999,0.10408803866182788,5,5,"D614G(8.00),P681R(6.47),E484Q(6.26)"
B.1.617.1(Kappa),4,BFE,closeness centrality,-0.15830915434973614,0.7992796499969278,-0.39999999999999997,0.5046315754686911,5,5,"D614G(8.00),P681R(6.47),E484Q(6.26)"
B.1.617.1(Kappa),5,BFE,average shortest length,0.08149350266621223,0.8963542136086224,0.39999999999999997,0.5046315754686911,5,5,"D614G(8.00),P681R(6.47),E484Q(6.26)"
B.1.617.1(Kappa),6,stability,conservation,0.323803655703226,0.5950426658691901,0.051298917604257706,0.9347128481082341,5,5,"L452R(-0.93),E484Q(-0.72),Q1071H(-0.32)"
B.1.617.1(Kappa),7,stability,page rank,0.3693503837790498,0.5406510944600338,0.19999999999999998,0.747060078104662,5,5,"L452R(-0.93),E484Q(-0.72),Q1071H(-0.32)"
B.1.617.1(Kappa),8,stability,degree centrality,0.5206854770199916,0.3683534106139417,0.051298917604257706,0.9347128481082341,5,5,"L452R(-0.93),E484Q(-0.72),Q1071H(-0.32)"
B.1.617.1(Kappa),9,stability,betweenness centrality,-0.18570985578018537,0.7649131255211795,-0.6,0.28475697986529375,5,5,"L452R(-0.93),E484Q(-0.72),Q1071H(-0.32)"
B.1.617.1(Kappa),10,stability,closeness centrality,0.011345362618242372,0.98555494556568,-0.19999999999999998,0.747060078104662,5,5,"L452R(-0.93),E484Q(-0.72),Q1071H(-0.32)"
B.1.617.1(Kappa),11,stability,average shortest length,0.13247808373996012,0.8318183627916356,0.19999999999999998,0.747060078104662,5,5,"L452R(-0.93),E484Q(-0.72),Q1071H(-0.32)"
B.1.617.2(Delta),0,BFE,conservation,0.019996428313582934,0.9660597955232857,-0.4076871241636057,0.36394248359194614,7,7,"T478K(8.04),D614G(8.00),E156G(7.40)"
B.1.617.2(Delta),1,BFE,page rank,-0.19911716762473014,0.6686292375854309,-0.3571428571428572,0.4316113520383278,7,7,"T478K(8.04),D614G(8.00),E156G(7.40)"
B.1.617.2(Delta),2,BFE,degree centrality,-0.3914482716966817,0.38517870921938335,-0.37062465833055064,0.41311620025516577,7,7,"T478K(8.04),D614G(8.00),E156G(7.40)"
B.1.617.2(Delta),3,BFE,betweenness centrality,0.24085000740830015,0.6028757063712377,0.21428571428571433,0.6445115810207203,7,7,"T478K(8.04),D614G(8.00),E156G(7.40)"
B.1.617.2(Delta),4,BFE,closeness centrality,-0.507826628847124,0.24460767977663875,-0.642857142857143,0.11939237342741094,7,7,"T478K(8.04),D614G(8.00),E156G(7.40)"
B.1.617.2(Delta),5,BFE,average shortest length,0.4014901677233164,0.37198838473155393,0.642857142857143,0.11939237342741094,7,7,"T478K(8.04),D614G(8.00),E156G(7.40)"
B.1.617.2(Delta),6,stability,conservation,0.4267362125568645,0.3396695325805743,0.22237479499833038,0.6317493389261648,7,7,"E156G(-3.67),T19R(-1.09),L452R(-0.93)"
B.1.617.2(Delta),7,stability,page rank,0.6227641328080056,0.13522746529690602,0.42857142857142866,0.337368311085824,7,7,"E156G(-3.67),T19R(-1.09),L452R(-0.93)"
B.1.617.2(Delta),8,stability,degree centrality,0.344946545190935,0.4486092890544617,0.11118739749916519,0.8124070154613051,7,7,"E156G(-3.67),T19R(-1.09),L452R(-0.93)"
B.1.617.2(Delta),9,stability,betweenness centrality,-0.3112918788474254,0.4967627464989038,-0.1785714285714286,0.7016579425162729,7,7,"E156G(-3.67),T19R(-1.09),L452R(-0.93)"
B.1.617.2(Delta),10,stability,closeness centrality,-0.03497290274779067,0.9406644586082761,-0.28571428571428575,0.5345092286010406,7,7,"E156G(-3.67),T19R(-1.09),L452R(-0.93)"
B.1.617.2(Delta),11,stability,average shortest length,0.18612321143897992,0.6894718025727873,0.28571428571428575,0.5345092286010406,7,7,"E156G(-3.67),T19R(-1.09),L452R(-0.93)"
B.1.617.3,0,BFE,conservation,0.5901737639243351,0.29481161276938633,0.15389675281277312,0.8048288166080632,5,5,"D614G(8.00),P681R(6.47),E484Q(6.26)"
B.1.617.3,1,BFE,page rank,0.24844887944545924,0.6869502722892827,0.09999999999999999,0.8728885715695383,5,5,"D614G(8.00),P681R(6.47),E484Q(6.26)"
B.1.617.3,2,BFE,degree centrality,-0.09201127425282513,0.8830131211007448,0.051298917604257706,0.9347128481082341,5,5,"D614G(8.00),P681R(6.47),E484Q(6.26)"
B.1.617.3,3,BFE,betweenness centrality,0.07401469364804283,0.9058476784355648,0.19999999999999998,0.747060078104662,5,5,"D614G(8.00),P681R(6.47),E484Q(6.26)"
B.1.617.3,4,BFE,closeness centrality,-0.2547080943286274,0.6792371299105778,-0.39999999999999997,0.5046315754686911,5,5,"D614G(8.00),P681R(6.47),E484Q(6.26)"
B.1.617.3,5,BFE,average shortest length,0.18761558177401022,0.7625293272808807,0.39999999999999997,0.5046315754686911,5,5,"D614G(8.00),P681R(6.47),E484Q(6.26)"
B.1.617.3,6,stability,conservation,0.2864855436578258,0.6402881950402681,-0.20519567041703082,0.7405819415910722,5,5,"T19R(-1.09),L452R(-0.93),E484Q(-0.72)"
B.1.617.3,7,stability,page rank,0.16358607529255625,0.7926484668128817,-0.19999999999999998,0.747060078104662,5,5,"T19R(-1.09),L452R(-0.93),E484Q(-0.72)"
B.1.617.3,8,stability,degree centrality,-0.1021063484265502,0.8702204144664969,-0.30779350562554625,0.614384002810333,5,5,"T19R(-1.09),L452R(-0.93),E484Q(-0.72)"
B.1.617.3,9,stability,betweenness centrality,-0.14591038671407683,0.8148824474109491,0.09999999999999999,0.8728885715695383,5,5,"T19R(-1.09),L452R(-0.93),E484Q(-0.72)"
B.1.617.3,10,stability,closeness centrality,-0.4962879549821185,0.3951003822439228,-0.7,0.1881204043741873,5,5,"T19R(-1.09),L452R(-0.93),E484Q(-0.72)"
B.1.617.3,11,stability,average shortest length,0.5188875780063151,0.3703090274531447,0.7,0.1881204043741873,5,5,"T19R(-1.09),L452R(-0.93),E484Q(-0.72)"
B.1.620,0,BFE,conservation,-0.4033781537624214,0.32170510655555856,-0.429520606964589,0.2882184284832245,9,8,"D614G(8.00),S477N(7.90),V126A(7.75)"
B.1.620,1,BFE,page rank,-0.15530269135901648,0.713455742685092,-0.13173888881045848,0.7558326362593347,9,8,"D614G(8.00),S477N(7.90),V126A(7.75)"
B.1.620,2,BFE,degree centrality,-0.09344963275384853,0.8257993662236134,-0.07655901625358508,0.8570117757882248,9,8,"D614G(8.00),S477N(7.90),V126A(7.75)"
B.1.620,3,BFE,betweenness centrality,-0.08451105817775356,0.842294634368221,-0.02395252523826518,0.9551061898789129,9,8,"D614G(8.00),S477N(7.90),V126A(7.75)"
B.1.620,4,BFE,closeness centrality,-0.053125043238606603,0.900577801779858,0.14371515142959107,0.7342214747617433,9,8,"D614G(8.00),S477N(7.90),V126A(7.75)"
B.1.620,5,BFE,average shortest length,0.02909522914881449,0.9454772250933883,-0.14371515142959107,0.7342214747617433,9,8,"D614G(8.00),S477N(7.90),V126A(7.75)"
B.1.620,6,stability,conservation,-0.0368730941841842,0.9249678067071498,0.11866111313364182,0.7610840665317585,9,9,"V126A(-2.35),H245Y(-1.60),E484K(-1.02)"
B.1.620,7,stability,page rank,0.3658792620443705,0.3328587942556341,0.25,0.5164895523012263,9,9,"V126A(-2.35),H245Y(-1.60),E484K(-1.02)"
B.1.620,8,stability,degree centrality,0.4116038891976917,0.27102979611344036,0.20889318714683738,0.5896186926794358,9,9,"V126A(-2.35),H245Y(-1.60),E484K(-1.02)"
B.1.620,9,stability,betweenness centrality,0.33647276749867777,0.37596291970219375,0.5333333333333333,0.13922686754397814,9,9,"V126A(-2.35),H245Y(-1.60),E484K(-1.02)"
B.1.620,10,stability,closeness centrality,-0.15633110736817335,0.6879398799453096,0.016666666666666666,0.9660548039946861,9,9,"V126A(-2.35),H245Y(-1.60),E484K(-1.02)"
B.1.620,11,stability,average shortest length,0.2481667349001551,0.51967164616084,-0.016666666666666666,0.9660548039946861,9,9,"V126A(-2.35),H245Y(-1.60),E484K(-1.02)"
B.1.621(Mu),0,BFE,conservation,0.18655992776682687,0.6582318198072008,-0.17964393928698885,0.6703442772469387,8,8,"D614G(8.00),R346K(7.12),E484K(6.90)"
B.1.621(Mu),1,BFE,page rank,0.47073708192589125,0.2390901714736571,0.6190476190476191,0.1017330374542646,8,8,"D614G(8.00),R346K(7.12),E484K(6.90)"
B.1.621(Mu),2,BFE,degree centrality,0.29065726509757644,0.4849337090537887,0.3952166664313755,0.33251710793382766,8,8,"D614G(8.00),R346K(7.12),E484K(6.90)"
B.1.621(Mu),3,BFE,betweenness centrality,-0.21312965435739567,0.6123185549447611,-0.07142857142857144,0.8665262706759088,8,8,"D614G(8.00),R346K(7.12),E484K(6.90)"
B.1.621(Mu),4,BFE,closeness centrality,0.08365378508215765,0.8438793735891197,-0.14285714285714288,0.735764859879812,8,8,"D614G(8.00),R346K(7.12),E484K(6.90)"
B.1.621(Mu),5,BFE,average shortest length,-0.13044363030738887,0.7581784916104994,0.14285714285714288,0.735764859879812,8,8,"D614G(8.00),R346K(7.12),E484K(6.90)"
B.1.621(Mu),6,stability,conservation,0.1639757087165301,0.698012320657439,0.011976262619132589,0.9775466547038871,8,8,"Y145N(-2.82),T95I(-1.19),E484K(-1.02)"
B.1.621(Mu),7,stability,page rank,0.034318691441218185,0.935702960213095,0.2142857142857143,0.6103444156452669,8,8,"Y145N(-2.82),T95I(-1.19),E484K(-1.02)"
B.1.621(Mu),8,stability,degree centrality,-0.11112660840755229,0.7933466493559699,-0.13173888881045848,0.7558326362593347,8,8,"Y145N(-2.82),T95I(-1.19),E484K(-1.02)"
B.1.621(Mu),9,stability,betweenness centrality,-0.018275254744353472,0.9657415261646204,0.023809523809523815,0.9553740118158807,8,8,"Y145N(-2.82),T95I(-1.19),E484K(-1.02)"
B.1.621(Mu),10,stability,closeness centrality,-0.18477611977359004,0.6613498358710189,-0.11904761904761905,0.7788857260523797,8,8,"Y145N(-2.82),T95I(-1.19),E484K(-1.02)"
B.1.621(Mu),11,stability,average shortest length,0.20161178481044567,0.6320967109031062,0.11904761904761905,0.7788857260523797,8,8,"Y145N(-2.82),T95I(-1.19),E484K(-1.02)"
BA.1(Omicron),0,BFE,conservation,-0.1574214319924378,0.44247233315323214,-0.09700142416337215,0.637354479049175,27,26,"Q493R(8.23),T547K(8.07),T478K(8.04)"
BA.1(Omicron),1,BFE,page rank,0.06897854830387054,0.7377578811661308,0.05367521367521367,0.7945413142226205,27,26,"Q493R(8.23),T547K(8.07),T478K(8.04)"
BA.1(Omicron),2,BFE,degree centrality,-0.1123250205140168,0.5848508005413733,-0.12487683676866439,0.5433066766876267,27,26,"Q493R(8.23),T547K(8.07),T478K(8.04)"
BA.1(Omicron),3,BFE,betweenness centrality,-0.0860642260027309,0.6759196894194308,-0.0776068376068376,0.7063028899263866,27,26,"Q493R(8.23),T547K(8.07),T478K(8.04)"
BA.1(Omicron),4,BFE,closeness centrality,-0.2959775680247082,0.1420776167826665,-0.4058119658119658,0.03969212149104132,27,26,"Q493R(8.23),T547K(8.07),T478K(8.04)"
BA.1(Omicron),5,BFE,average shortest length,0.29399457840112075,0.14489558322390925,0.4058119658119658,0.03969212149104132,27,26,"Q493R(8.23),T547K(8.07),T478K(8.04)"
BA.1(Omicron),6,stability,conservation,0.09878680622221662,0.6239753239247733,0.15825711217708457,0.43046036626507767,27,27,"G142D(-4.78),N856K(-1.66),E484A(-1.40)"
BA.1(Omicron),7,stability,page rank,0.3472016257711158,0.07599457206557571,0.30341880341880345,0.12391731686529883,27,27,"G142D(-4.78),N856K(-1.66),E484A(-1.40)"
BA.1(Omicron),8,stability,degree centrality,0.2511017718332107,0.20645183117377913,0.20686389513700834,0.30053548169164457,27,27,"G142D(-4.78),N856K(-1.66),E484A(-1.40)"
BA.1(Omicron),9,stability,betweenness centrality,0.0671313126739802,0.7393651210886831,0.03479853479853479,0.8631904917285698,27,27,"G142D(-4.78),N856K(-1.66),E484A(-1.40)"
BA.1(Omicron),10,stability,closeness centrality,0.06001671221901386,0.7661859968026157,0.13553113553113552,0.5002876084628768,27,27,"G142D(-4.78),N856K(-1.66),E484A(-1.40)"
BA.1(Omicron),11,stability,average shortest length,0.0192731677296699,0.9239843060429805,-0.13553113553113552,0.5002876084628768,27,27,"G142D(-4.78),N856K(-1.66),E484A(-1.40)"
BA.2(Omicron),0,BFE,conservation,0.02590926685539828,0.8979279668382081,-0.06691323732441273,0.7401830010832966,28,27,"Q493R(8.23),T478K(8.04),V213G(8.01)"
BA.2(Omicron),1,BFE,page rank,0.15202379519980536,0.44906416166654,0.11294261294261294,0.57486770910313,28,27,"Q493R(8.23),T478K(8.04),V213G(8.01)"
BA.2(Omicron),2,BFE,degree centrality,-0.05764625754329558,0.7751826604411863,-0.11727571976679163,0.5601871217499086,28,27,"Q493R(8.23),T478K(8.04),V213G(8.01)"
BA.2(Omicron),3,BFE,betweenness centrality,0.037036168796348794,0.8544826986549807,-0.1172161172161172,0.5603878927573667,28,27,"Q493R(8.23),T478K(8.04),V213G(8.01)"
BA.2(Omicron),4,BFE,closeness centrality,-0.33801959884663135,0.08462366002971947,-0.3412698412698412,0.08148808987305818,28,27,"Q493R(8.23),T478K(8.04),V213G(8.01)"
BA.2(Omicron),5,BFE,average shortest length,0.32816914063429015,0.0946869275061458,0.3412698412698412,0.08148808987305818,28,27,"Q493R(8.23),T478K(8.04),V213G(8.01)"
BA.2(Omicron),6,stability,conservation,0.14330142832993303,0.4669345097927866,0.1468664861376251,0.45580579469954596,28,28,"G142D(-4.78),V213G(-1.79),T376A(-1.67)"
BA.2(Omicron),7,stability,page rank,0.3838425204058512,0.043748345367035216,0.4236453201970443,0.02467166267231232,28,28,"G142D(-4.78),V213G(-1.79),T376A(-1.67)"
BA.2(Omicron),8,stability,degree centrality,0.31504141489973914,0.102484407677991,0.17926282742944571,0.3613757643183866,28,28,"G142D(-4.78),V213G(-1.79),T376A(-1.67)"
BA.2(Omicron),9,stability,betweenness centrality,-0.03193938689828307,0.8718234309466275,-0.026272577996715927,0.8944261069476149,28,28,"G142D(-4.78),V213G(-1.79),T376A(-1.67)"
BA.2(Omicron),10,stability,closeness centrality,0.033988395137843096,0.8636739912222736,0.10892172961138478,0.5811346772121235,28,28,"G142D(-4.78),V213G(-1.79),T376A(-1.67)"
BA.2(Omicron),11,stability,average shortest length,0.06113251178246397,0.7573035172228262,-0.10892172961138478,0.5811346772121235,28,28,"G142D(-4.78),V213G(-1.79),T376A(-1.67)"
BA.4(Omicron),0,BFE,conservation,0.1223585347439407,0.5350740386195235,0.08305932362090408,0.6743409203551098,29,28,"T478K(8.04),V213G(8.01),D614G(8.00)"
BA.4(Omicron),1,BFE,page rank,0.1947418967426542,0.3206878685234088,0.11439518336070059,0.5621623776194051,29,28,"T478K(8.04),V213G(8.01),D614G(8.00)"
BA.4(Omicron),2,BFE,degree centrality,0.05206556642919061,0.7924561515266287,-0.01606767551565633,0.9353220017398972,29,28,"T478K(8.04),V213G(8.01),D614G(8.00)"
BA.4(Omicron),3,BFE,betweenness centrality,0.057176803729350474,0.772586257384178,-0.04433497536945813,0.8227474581318904,29,28,"T478K(8.04),V213G(8.01),D614G(8.00)"
BA.4(Omicron),4,BFE,closeness centrality,-0.25787672457799476,0.18521054398288692,-0.21674876847290642,0.2679177040099857,29,28,"T478K(8.04),V213G(8.01),D614G(8.00)"
BA.4(Omicron),5,BFE,average shortest length,0.24843363542693722,0.2023979215960579,0.21674876847290642,0.2679177040099857,29,28,"T478K(8.04),V213G(8.01),D614G(8.00)"
BA.4(Omicron),6,stability,conservation,0.16990048790506337,0.37824894174439955,0.2199428043464796,0.2516151357871816,29,29,"G142D(-4.78),V213G(-1.79),T376A(-1.67)"
BA.4(Omicron),7,stability,page rank,0.38808365359617636,0.037498627038526876,0.4458128078817733,0.015357494291978635,29,29,"G142D(-4.78),V213G(-1.79),T376A(-1.67)"
BA.4(Omicron),8,stability,degree centrality,0.33955360012067426,0.07153124152489111,0.254778439576288,0.1822668557282013,29,29,"G142D(-4.78),V213G(-1.79),T376A(-1.67)"
BA.4(Omicron),9,stability,betweenness centrality,-0.021372409423579306,0.9123747950730299,0.011822660098522165,0.951464005078238,29,29,"G142D(-4.78),V213G(-1.79),T376A(-1.67)"
BA.4(Omicron),10,stability,closeness centrality,0.07660096906517164,0.6928835809878269,0.1926108374384236,0.31681260682710827,29,29,"G142D(-4.78),V213G(-1.79),T376A(-1.67)"
BA.4(Omicron),11,stability,average shortest length,0.01772137616356062,0.9273005681147211,-0.1926108374384236,0.31681260682710827,29,29,"G142D(-4.78),V213G(-1.79),T376A(-1.67)"
C.1.2,0,BFE,conservation,-0.10605529142757195,0.756293999901583,-0.13026778945578593,0.7026378852037989,12,11,"D215G(8.10),D614G(8.00),C136F(7.85)"
C.1.2,1,BFE,page rank,-0.06091812441490457,0.8587821966541745,0.02727272727272728,0.9365584481926122,12,11,"D215G(8.10),D614G(8.00),C136F(7.85)"
C.1.2,2,BFE,degree centrality,-0.15257669930650783,0.6542503489687198,0.019069251784911846,0.9556216177731083,12,11,"D215G(8.10),D614G(8.00),C136F(7.85)"
C.1.2,3,BFE,betweenness centrality,-0.3760239623629125,0.25440141431203567,-0.3272727272727273,0.32589494101284167,12,11,"D215G(8.10),D614G(8.00),C136F(7.85)"
C.1.2,4,BFE,closeness centrality,-0.2762326783082863,0.4109370656478784,-0.20000000000000004,0.5554454421055854,12,11,"D215G(8.10),D614G(8.00),C136F(7.85)"
C.1.2,5,BFE,average shortest length,0.17326539199353835,0.6104159271930726,0.20000000000000004,0.5554454421055854,12,11,"D215G(8.10),D614G(8.00),C136F(7.85)"
C.1.2,6,stability,conservation,-0.22624765483162707,0.4795109466698582,-0.04982995306193512,0.8777766794108113,12,12,"C136F(-3.17),T859N(-3.01),P9L(-2.73)"
C.1.2,7,stability,page rank,0.029834232752901924,0.9266668813197858,0.14685314685314685,0.6487957097846664,12,12,"C136F(-3.17),T859N(-3.01),P9L(-2.73)"
C.1.2,8,stability,degree centrality,0.039052309680527385,0.9040898633235357,0.3915614432585002,0.20812283268464637,12,12,"C136F(-3.17),T859N(-3.01),P9L(-2.73)"
C.1.2,9,stability,betweenness centrality,-0.055186718577530186,0.8647389221285342,0.08391608391608392,0.7954145018538977,12,12,"C136F(-3.17),T859N(-3.01),P9L(-2.73)"
C.1.2,10,stability,closeness centrality,0.0673240258205151,0.835316970774728,0.3356643356643357,0.2861229029149875,12,12,"C136F(-3.17),T859N(-3.01),P9L(-2.73)"
C.1.2,11,stability,average shortest length,-0.049069771223158476,0.8796292078650928,-0.3356643356643357,0.2861229029149875,12,12,"C136F(-3.17),T859N(-3.01),P9L(-2.73)"
C.16,0,BFE,conservation,1.0,1.0,0.9999999999999999,,2,2,"D614G(8.00),L452R(6.05)"
C.16,1,BFE,page rank,1.0,1.0,0.9999999999999999,,2,2,"D614G(8.00),L452R(6.05)"
C.16,2,BFE,degree centrality,1.0,1.0,0.9999999999999999,,2,2,"D614G(8.00),L452R(6.05)"
C.16,3,BFE,betweenness centrality,-1.0,1.0,-0.9999999999999999,,2,2,"D614G(8.00),L452R(6.05)"
C.16,4,BFE,closeness centrality,1.0,1.0,0.9999999999999999,,2,2,"D614G(8.00),L452R(6.05)"
C.16,5,BFE,average shortest length,-1.0,1.0,-0.9999999999999999,,2,2,"D614G(8.00),L452R(6.05)"
C.16,6,stability,conservation,1.0,1.0,0.9999999999999999,,2,2,"L452R(-0.93),D614G(-0.25)"
C.16,7,stability,page rank,1.0,1.0,0.9999999999999999,,2,2,"L452R(-0.93),D614G(-0.25)"
C.16,8,stability,degree centrality,1.0,1.0,0.9999999999999999,,2,2,"L452R(-0.93),D614G(-0.25)"
C.16,9,stability,betweenness centrality,-1.0,1.0,-0.9999999999999999,,2,2,"L452R(-0.93),D614G(-0.25)"
C.16,10,stability,closeness centrality,1.0,1.0,0.9999999999999999,,2,2,"L452R(-0.93),D614G(-0.25)"
C.16,11,stability,average shortest length,-1.0,1.0,-0.9999999999999999,,2,2,"L452R(-0.93),D614G(-0.25)"
C.36+L452R,0,BFE,conservation,0.9199052044087125,0.2565308066643822,0.5,0.6666666666666667,3,3,"D614G(8.00),Q677H(6.12),L452R(6.05)"
C.36+L452R,1,BFE,page rank,0.97419005916506,0.1449529872425822,0.5,0.6666666666666667,3,3,"D614G(8.00),Q677H(6.12),L452R(6.05)"
C.36+L452R,2,BFE,degree centrality,0.9948530200722508,0.06461863942843074,0.5,0.6666666666666667,3,3,"D614G(8.00),Q677H(6.12),L452R(6.05)"
C.36+L452R,3,BFE,betweenness centrality,-0.5734520142759258,0.6112078029795646,-0.5,0.6666666666666667,3,3,"D614G(8.00),Q677H(6.12),L452R(6.05)"
C.36+L452R,4,BFE,closeness centrality,0.5958968644471305,0.5935934003127441,0.5,0.6666666666666667,3,3,"D614G(8.00),Q677H(6.12),L452R(6.05)"
C.36+L452R,5,BFE,average shortest length,-0.5494332071089452,0.6296873633910935,-0.5,0.6666666666666667,3,3,"D614G(8.00),Q677H(6.12),L452R(6.05)"
C.36+L452R,6,stability,conservation,0.9975640279482479,0.04444464806652253,1.0,0.0,3,3,"Q677H(-1.43),L452R(-0.93),D614G(-0.25)"
C.36+L452R,7,stability,page rank,0.9701180341107439,0.15602246748832457,1.0,0.0,3,3,"Q677H(-1.43),L452R(-0.93),D614G(-0.25)"
C.36+L452R,8,stability,degree centrality,0.931867916460329,0.23635681530247696,1.0,0.0,3,3,"Q677H(-1.43),L452R(-0.93),D614G(-0.25)"
C.36+L452R,9,stability,betweenness centrality,-0.8835947900566183,0.31023234824865753,-1.0,0.0,3,3,"Q677H(-1.43),L452R(-0.93),D614G(-0.25)"
C.36+L452R,10,stability,closeness centrality,0.8962108437990378,0.2926179455818371,1.0,0.0,3,3,"Q677H(-1.43),L452R(-0.93),D614G(-0.25)"
C.36+L452R,11,stability,average shortest length,-0.8696322116905915,0.32871190866018657,-1.0,0.0,3,3,"Q677H(-1.43),L452R(-0.93),D614G(-0.25)"
C.37(Lambda),0,BFE,conservation,-0.2855797391456063,0.5347102643981576,-0.4076871241636057,0.36394248359194614,7,7,"D614G(8.00),G75V(7.82),T76I(7.00)"
C.37(Lambda),1,BFE,page rank,-0.08126116195663882,0.8625017939160382,-0.3214285714285715,0.4820720382996776,7,7,"D614G(8.00),G75V(7.82),T76I(7.00)"
C.37(Lambda),2,BFE,degree centrality,0.034692293328148605,0.9411399692228993,-0.14824986333222026,0.7510797526579064,7,7,"D614G(8.00),G75V(7.82),T76I(7.00)"
C.37(Lambda),3,BFE,betweenness centrality,-0.6396848104477426,0.1218254034661713,-0.7142857142857144,0.07134356146753759,7,7,"D614G(8.00),G75V(7.82),T76I(7.00)"
C.37(Lambda),4,BFE,closeness centrality,-0.2652410072764311,0.5653837766021484,0.0,1.0,7,7,"D614G(8.00),G75V(7.82),T76I(7.00)"
C.37(Lambda),5,BFE,average shortest length,0.29642321583882814,0.5185901105886113,0.0,1.0,7,7,"D614G(8.00),G75V(7.82),T76I(7.00)"
C.37(Lambda),6,stability,conservation,-0.18065581969100328,0.6982892205937266,-0.3335621924974956,0.46469707719905995,7,7,"R246N(-3.15),T859N(-3.01),L452Q(-2.67)"
C.37(Lambda),7,stability,page rank,0.01534027891066804,0.9739605977874448,-0.03571428571428572,0.9394082054712856,7,7,"R246N(-3.15),T859N(-3.01),L452Q(-2.67)"
C.37(Lambda),8,stability,degree centrality,0.14079520995935033,0.763340661874159,-0.07412493166611013,0.8745070324258755,7,7,"R246N(-3.15),T859N(-3.01),L452Q(-2.67)"
C.37(Lambda),9,stability,betweenness centrality,-0.5586635875729649,0.192372751576127,-0.6785714285714287,0.0937502539598313,7,7,"R246N(-3.15),T859N(-3.01),L452Q(-2.67)"
C.37(Lambda),10,stability,closeness centrality,-0.09006532353971694,0.8477197454400924,0.03571428571428572,0.9394082054712856,7,7,"R246N(-3.15),T859N(-3.01),L452Q(-2.67)"
C.37(Lambda),11,stability,average shortest length,0.13928540441849727,0.7658287582577195,-0.03571428571428572,0.9394082054712856,7,7,"R246N(-3.15),T859N(-3.01),L452Q(-2.67)"
P.1(Gamma),0,BFE,conservation,-0.08923811547615615,0.8063387392793048,0.07926829268292683,0.8276860567376845,12,10,"D614G(8.00),K417T(7.82),D138Y(7.24)"
P.1(Gamma),1,BFE,page rank,-0.08964166607290722,0.8054769884316695,-0.08510677611520903,0.815171544541529,12,10,"D614G(8.00),K417T(7.82),D138Y(7.24)"
P.1(Gamma),2,BFE,degree centrality,-0.18404005093825482,0.6107734481764989,-0.08536585365853659,0.8146170752161871,12,10,"D614G(8.00),K417T(7.82),D138Y(7.24)"
P.1(Gamma),3,BFE,betweenness centrality,-0.2684815783639379,0.45323125815019405,-0.14589733048321551,0.6875567115411831,12,10,"D614G(8.00),K417T(7.82),D138Y(7.24)"
P.1(Gamma),4,BFE,closeness centrality,-0.3764290015314302,0.2836564049164986,-0.4194548251392446,0.2275515102242153,12,10,"D614G(8.00),K417T(7.82),D138Y(7.24)"
P.1(Gamma),5,BFE,average shortest length,0.29521855127330743,0.40761053592686125,0.4194548251392446,0.2275515102242153,12,10,"D614G(8.00),K417T(7.82),D138Y(7.24)"
P.1(Gamma),6,stability,conservation,0.36920561380187966,0.23756593238637097,0.5253948512537597,0.07939623293714611,12,12,"R190S(-1.76),L18F(-1.24),D138Y(1.23)"
P.1(Gamma),7,stability,page rank,0.38549110156779126,0.2158860502042881,0.3426573426573427,0.27556745095678037,12,12,"R190S(-1.76),L18F(-1.24),D138Y(1.23)"
P.1(Gamma),8,stability,degree centrality,0.4684309823826912,0.1245465726186118,0.5563518240111589,0.060300025541073894,12,12,"R190S(-1.76),L18F(-1.24),D138Y(1.23)"
P.1(Gamma),9,stability,betweenness centrality,-0.12298150431084437,0.7033709395673616,-0.2447552447552448,0.4432619364501832,12,12,"R190S(-1.76),L18F(-1.24),D138Y(1.23)"
P.1(Gamma),10,stability,closeness centrality,0.4692940119140999,0.12375974648441868,0.2657342657342658,0.40383308831471165,12,12,"R190S(-1.76),L18F(-1.24),D138Y(1.23)"
P.1(Gamma),11,stability,average shortest length,-0.5368971619722557,0.07187760133621922,-0.2657342657342658,0.40383308831471165,12,12,"R190S(-1.76),L18F(-1.24),D138Y(1.23)"
P.2(Zeta),0,BFE,conservation,1.0,1.0,0.9999999999999999,,3,2,"D614G(8.00),E484K(6.90)"
P.2(Zeta),1,BFE,page rank,1.0,1.0,0.9999999999999999,,3,2,"D614G(8.00),E484K(6.90)"
P.2(Zeta),2,BFE,degree centrality,1.0,1.0,0.9999999999999999,,3,2,"D614G(8.00),E484K(6.90)"
P.2(Zeta),3,BFE,betweenness centrality,-1.0,1.0,-0.9999999999999999,,3,2,"D614G(8.00),E484K(6.90)"
P.2(Zeta),4,BFE,closeness centrality,1.0,1.0,0.9999999999999999,,3,2,"D614G(8.00),E484K(6.90)"
P.2(Zeta),5,BFE,average shortest length,-1.0,1.0,-0.9999999999999999,,3,2,"D614G(8.00),E484K(6.90)"
P.2(Zeta),6,stability,conservation,0.9484293260544613,0.2053434387051423,0.5,0.6666666666666667,3,3,"E484K(-1.02),D614G(-0.25),V1176F(0.04)"
P.2(Zeta),7,stability,page rank,-0.0846413271274065,0.9460511099907484,-0.5,0.6666666666666667,3,3,"E484K(-1.02),D614G(-0.25),V1176F(0.04)"
P.2(Zeta),8,stability,degree centrality,0.24920277397860788,0.8396628724159683,0.0,1.0,3,3,"E484K(-1.02),D614G(-0.25),V1176F(0.04)"
P.2(Zeta),9,stability,betweenness centrality,-0.981894068482834,0.12132855326716946,-1.0,0.0,3,3,"E484K(-1.02),D614G(-0.25),V1176F(0.04)"
P.2(Zeta),10,stability,closeness centrality,0.678293969626919,0.5254392085774252,0.5,0.6666666666666667,3,3,"E484K(-1.02),D614G(-0.25),V1176F(0.04)"
P.2(Zeta),11,stability,average shortest length,-0.8069014509198549,0.4022856650066889,-0.5,0.6666666666666667,3,3,"E484K(-1.02),D614G(-0.25),V1176F(0.04)"
P.3(Theta),0,BFE,conservation,0.2128052188719556,0.6856107267726046,-0.11595420713048969,0.826848213385815,7,6,"D614G(8.00),E484K(6.90),P681H(6.17)"
P.3(Theta),1,BFE,page rank,0.43080430643572826,0.39377053225271674,0.08571428571428573,0.8717434402332361,7,6,"D614G(8.00),E484K(6.90),P681H(6.17)"
P.3(Theta),2,BFE,degree centrality,0.13527733638677547,0.798321780189359,-0.057977103565244846,0.9131317851623264,7,6,"D614G(8.00),E484K(6.90),P681H(6.17)"
P.3(Theta),3,BFE,betweenness centrality,-0.26772757434579586,0.608003734255642,-0.028571428571428574,0.9571545189504373,7,6,"D614G(8.00),E484K(6.90),P681H(6.17)"
P.3(Theta),4,BFE,closeness centrality,-0.12496216655945933,0.813532426207903,-0.6,0.20799999999999982,7,6,"D614G(8.00),E484K(6.90),P681H(6.17)"
P.3(Theta),5,BFE,average shortest length,0.053157182662265906,0.9203393287618481,0.6,0.20799999999999982,7,6,"D614G(8.00),E484K(6.90),P681H(6.17)"
P.3(Theta),6,stability,conservation,0.617826911909512,0.13927220458719683,0.7387687194103585,0.05785849689569271,7,7,"E484K(-1.02),N501Y(-0.99),E1092K(-0.30)"
P.3(Theta),7,stability,page rank,0.27124728779825247,0.5562677385847844,0.03571428571428572,0.9394082054712856,7,7,"E484K(-1.02),N501Y(-0.99),E1092K(-0.30)"
P.3(Theta),8,stability,degree centrality,0.3875423128489002,0.3903594857804385,0.11118739749916519,0.8124070154613051,7,7,"E484K(-1.02),N501Y(-0.99),E1092K(-0.30)"
P.3(Theta),9,stability,betweenness centrality,-0.2625420416363047,0.5694954939030584,-0.5,0.25316999510032273,7,7,"E484K(-1.02),N501Y(-0.99),E1092K(-0.30)"
P.3(Theta),10,stability,closeness centrality,0.24924939835451626,0.5898814805242366,0.28571428571428575,0.5345092286010406,7,7,"E484K(-1.02),N501Y(-0.99),E1092K(-0.30)"
P.3(Theta),11,stability,average shortest length,-0.20080270640199696,0.6659376707253882,-0.28571428571428575,0.5345092286010406,7,7,"E484K(-1.02),N501Y(-0.99),E1092K(-0.30)"
