,name,a1,a2,co-conservation,BFE,stability
167,BA.2(Omicron),S477N,T478K,0.2680645737773276,7.967290722345,-0.362
265,BA.2 + L452X(Omicron),S477N,T478K,0.2680645737773276,7.967290722345,-0.362
70,BA.1(Omicron),S477N,T478K,0.2680645737773276,7.967290722345,-0.362
264,BA.2 + L452X(Omicron),N440K,N969K,0.2719604455828915,6.399540647905,-0.3295
166,BA.2(Omicron),N440K,N969K,0.2719604455828915,6.399540647905,-0.3295
69,BA.1(Omicron),N440K,N969K,0.2719604455828915,6.399540647905,-0.3295
263,BA.2 + L452X(Omicron),N440K,Q954H,0.2821498778816941,7.22831324428,-0.4415
165,BA.2(Omicron),N440K,Q954H,0.2821498778816941,7.22831324428,-0.4415
68,BA.1(Omicron),N440K,Q954H,0.2821498778816941,7.22831324428,-0.4415
235,BA.2 + L452X(Omicron),T376A,D405N,0.2824298564365282,7.40503583488,-1.529
137,BA.2(Omicron),T376A,D405N,0.2824298564365282,7.40503583488,-1.529
47,BA.1(Omicron),S371L,N440K,0.28387740513492576,7.452728267425,-0.199
118,BA.2(Omicron),S371F,N440K,0.28387740513492576,7.64246356325,-0.2615
216,BA.2 + L452X(Omicron),S371F,N440K,0.28387740513492576,7.64246356325,-0.2615
44,BA.1(Omicron),G339D,Q954H,0.28401143742181445,6.651514988,-0.18100000000000002
211,BA.2 + L452X(Omicron),G339D,Q954H,0.28401143742181445,6.651514988,-0.18100000000000002
113,BA.2(Omicron),G339D,Q954H,0.28401143742181445,6.651514988,-0.18100000000000002
26,BA.1(Omicron),G142D,N501Y,0.28740990051825815,6.193211994255,-2.8840000000000003
89,BA.2(Omicron),G142D,N501Y,0.28740990051825815,6.193211994255,-2.8840000000000003
186,BA.2 + L452X(Omicron),G142D,N501Y,0.28740990051825815,6.193211994255,-2.8840000000000003
130,BA.2(Omicron),S375F,Q498R,0.28959909453743965,7.292083325365001,-0.4275
56,BA.1(Omicron),S375F,Q498R,0.28959909453743965,7.292083325365001,-0.4275
228,BA.2 + L452X(Omicron),S375F,Q498R,0.28959909453743965,7.292083325365001,-0.4275
151,BA.2(Omicron),D405N,D614G,0.28986418061595276,7.646473139885,-0.8225
249,BA.2 + L452X(Omicron),D405N,D614G,0.28986418061595276,7.646473139885,-0.8225
13,BA.1(Omicron),T95I,G142D,0.2923601596473461,6.432856661925,-2.9810000000000003
164,BA.2(Omicron),N440K,D796Y,0.2928486328706737,6.56852129411,-0.2275
67,BA.1(Omicron),N440K,D796Y,0.2928486328706737,6.56852129411,-0.2275
262,BA.2 + L452X(Omicron),N440K,D796Y,0.2928486328706737,6.56852129411,-0.2275
129,BA.2(Omicron),S375F,N440K,0.2972270209090367,7.622263152055,-0.2245
227,BA.2 + L452X(Omicron),S375F,N440K,0.2972270209090367,7.622263152055,-0.2245
55,BA.1(Omicron),S375F,N440K,0.2972270209090367,7.622263152055,-0.2245
217,BA.2 + L452X(Omicron),S371F,Q498R,0.2978435694287246,7.3122837365599995,-0.4645
48,BA.1(Omicron),S371L,Q498R,0.2978435694287246,7.122548440735001,-0.402
119,BA.2(Omicron),S371F,Q498R,0.2978435694287246,7.3122837365599995,-0.4645
35,BA.1(Omicron),N211I,D796Y,0.301084172276166,6.61486686554,-0.161
198,BA.2 + L452X(Omicron),N211I,D796Y,0.301084172276166,6.61486686554,-0.161
101,BA.2(Omicron),N211I,D796Y,0.301084172276166,6.61486686554,-0.161
245,BA.2 + L452X(Omicron),D405N,R408S,0.3021683445523321,7.563774419005,-0.8375
147,BA.2(Omicron),D405N,R408S,0.3021683445523321,7.563774419005,-0.8375
237,BA.2 + L452X(Omicron),T376A,N440K,0.3027759575862274,7.414458179225,-1.002
139,BA.2(Omicron),T376A,N440K,0.3027759575862274,7.414458179225,-1.002
250,BA.2 + L452X(Omicron),R408S,N440K,0.3056919044498719,7.5731967633499995,-0.3105
152,BA.2(Omicron),R408S,N440K,0.3056919044498719,7.5731967633499995,-0.3105
71,BA.1(Omicron),Q498R,D614G,0.3141806159528206,7.32571565754,-0.4985
168,BA.2(Omicron),Q498R,D614G,0.3141806159528206,7.32571565754,-0.4985
266,BA.2 + L452X(Omicron),Q498R,D614G,0.3141806159528206,7.32571565754,-0.4985
248,BA.2 + L452X(Omicron),D405N,Y505H,0.314389110621314,7.18334762675,-0.886
150,BA.2(Omicron),D405N,Y505H,0.314389110621314,7.18334762675,-0.886
38,BA.1(Omicron),G339D,S371L,0.3154434979448382,6.875930011145,0.0615
202,BA.2 + L452X(Omicron),G339D,S371F,0.3154434979448382,7.06566530697,-0.0010000000000000009
104,BA.2(Omicron),G339D,S371F,0.3154434979448382,7.06566530697,-0.0010000000000000009
232,BA.2 + L452X(Omicron),S375F,D796Y,0.32232382200512294,6.881159004315,-0.113
60,BA.1(Omicron),S375F,D796Y,0.32232382200512294,6.881159004315,-0.113
134,BA.2(Omicron),S375F,D796Y,0.32232382200512294,6.881159004315,-0.113
225,BA.2 + L452X(Omicron),S375F,D405N,0.32330374694704234,7.6128408077100005,-0.7515000000000001
127,BA.2(Omicron),S375F,D405N,0.32330374694704234,7.6128408077100005,-0.7515000000000001
260,BA.2 + L452X(Omicron),N440K,D614G,0.3338922976112467,7.655895484229999,-0.2955
65,BA.1(Omicron),N440K,D614G,0.3338922976112467,7.655895484229999,-0.2955
162,BA.2(Omicron),N440K,D614G,0.3338922976112467,7.655895484229999,-0.2955
203,BA.2 + L452X(Omicron),G339D,S375F,0.33665038422588905,7.045464895775,0.036
105,BA.2(Omicron),G339D,S375F,0.33665038422588905,7.045464895775,0.036
39,BA.1(Omicron),G339D,S375F,0.33665038422588905,7.045464895775,0.036
259,BA.2 + L452X(Omicron),N440K,Y505H,0.3420146541966998,7.192769971095,-0.359
64,BA.1(Omicron),N440K,Y505H,0.3420146541966998,7.192769971095,-0.359
161,BA.2(Omicron),N440K,Y505H,0.3420146541966998,7.192769971095,-0.359
111,BA.2(Omicron),G339D,D614G,0.343935783642104,7.079097227949999,-0.035
42,BA.1(Omicron),G339D,D614G,0.343935783642104,7.079097227949999,-0.035
209,BA.2 + L452X(Omicron),G339D,D614G,0.343935783642104,7.079097227949999,-0.035
287,B.1.351+P384L,P384L,N501Y,0.3580776791564901,6.192559071830001,-0.581
144,BA.2(Omicron),T376A,D796Y,0.35921546434741164,6.673354031485,-0.8905000000000001
242,BA.2 + L452X(Omicron),T376A,D796Y,0.35921546434741164,6.673354031485,-0.8905000000000001
292,B.1.1.7+L452R,L452R,N501Y,0.3644993149460892,6.086838443865,-0.96
286,A.27,L452R,N501Y,0.3644993149460892,6.086838443865,-0.96
18,BA.1(Omicron),T95I,N440K,0.3656698635849169,6.9582785312199995,-0.763
255,BA.2 + L452X(Omicron),R408S,D796Y,0.3667004229463275,6.83209261561,-0.19899999999999998
157,BA.2(Omicron),R408S,D796Y,0.3667004229463275,6.83209261561,-0.19899999999999998
170,BA.2(Omicron),Q498R,N969K,0.3671323047596354,6.069360821215,-0.5325
73,BA.1(Omicron),Q498R,N969K,0.3671323047596354,6.069360821215,-0.5325
268,BA.2 + L452X(Omicron),Q498R,N969K,0.3671323047596354,6.069360821215,-0.5325
87,BA.1(Omicron),D796Y,N969K,0.3694376600941204,5.658436500165,-0.218
283,BA.2 + L452X(Omicron),D796Y,N969K,0.3694376600941204,5.658436500165,-0.218
184,BA.2(Omicron),D796Y,N969K,0.3694376600941204,5.658436500165,-0.218
19,BA.1(Omicron),T95I,Q498R,0.37070947757193057,6.62809870453,-0.966
15,BA.1(Omicron),T95I,G339D,0.371674510037529,6.3814802749399995,-0.5025000000000001
193,BA.2 + L452X(Omicron),N211I,N440K,0.3726901769226187,7.35597101328,-0.2725
96,BA.2(Omicron),N211I,N440K,0.3726901769226187,7.35597101328,-0.2725
30,BA.1(Omicron),N211I,N440K,0.3726901769226187,7.35597101328,-0.2725
114,BA.2(Omicron),G339D,N969K,0.3739709298862214,5.822742391625,-0.069
212,BA.2 + L452X(Omicron),G339D,N969K,0.3739709298862214,5.822742391625,-0.069
45,BA.1(Omicron),G339D,N969K,0.3739709298862214,5.822742391625,-0.069
191,BA.2 + L452X(Omicron),N211I,D405N,0.383323405015786,7.346548668935,-0.7995
94,BA.2(Omicron),N211I,D405N,0.383323405015786,7.346548668935,-0.7995
7,BA.1(Omicron),A67V,Y505H,0.3847888246857687,6.12979023316,-0.836
98,BA.2(Omicron),N211I,Y505H,0.38623041639363787,7.239115542525,-0.2925
32,BA.1(Omicron),N211I,Y505H,0.38623041639363787,7.239115542525,-0.2925
195,BA.2 + L452X(Omicron),N211I,Y505H,0.38623041639363787,7.239115542525,-0.2925
6,BA.1(Omicron),A67V,Q498R,0.3892714600583784,5.916465877225001,-1.019
23,BA.1(Omicron),T95I,D796Y,0.38960207303270383,6.21717438348,-0.6515000000000001
251,BA.2 + L452X(Omicron),R408S,Q498R,0.39078155715732404,7.24301693666,-0.5135
153,BA.2(Omicron),R408S,Q498R,0.39078155715732404,7.24301693666,-0.5135
10,BA.1(Omicron),A67V,D796Y,0.3914755465538809,5.505541556175,-0.7045
238,BA.2 + L452X(Omicron),T376A,Q498R,0.3918240304997914,7.084278352535,-1.205
140,BA.2(Omicron),T376A,Q498R,0.3918240304997914,7.084278352535,-1.205
76,BA.1(Omicron),Y505H,D796Y,0.3977661285518555,6.451665823355,-0.2475
272,BA.2 + L452X(Omicron),Y505H,D796Y,0.3977661285518555,6.451665823355,-0.2475
173,BA.2(Omicron),Y505H,D796Y,0.3977661285518555,6.451665823355,-0.2475
247,BA.2 + L452X(Omicron),D405N,Q498R,0.39835587061416566,6.970023270815,-1.069
149,BA.2(Omicron),D405N,Q498R,0.39835587061416566,6.970023270815,-1.069
204,BA.2 + L452X(Omicron),G339D,T376A,0.39921367725025314,6.837659922945,-0.7415
106,BA.2(Omicron),G339D,T376A,0.39921367725025314,6.837659922945,-0.7415
207,BA.2 + L452X(Omicron),G339D,N440K,0.4046345386310835,6.73282718557,-0.07850000000000001
40,BA.1(Omicron),G339D,N440K,0.4046345386310835,6.73282718557,-0.07850000000000001
109,BA.2(Omicron),G339D,N440K,0.4046345386310835,6.73282718557,-0.07850000000000001
206,BA.2 + L452X(Omicron),G339D,R408S,0.40872699112408406,6.996398507069999,-0.04999999999999999
108,BA.2(Omicron),G339D,R408S,0.40872699112408406,6.996398507069999,-0.04999999999999999
63,BA.1(Omicron),N440K,Q498R,0.41897897182343474,6.9794456151599995,-0.542
160,BA.2(Omicron),N440K,Q498R,0.41897897182343474,6.9794456151599995,-0.542
258,BA.2 + L452X(Omicron),N440K,Q498R,0.41897897182343474,6.9794456151599995,-0.542
86,BA.1(Omicron),D796Y,Q954H,0.4274021564305712,6.48720909654,-0.33
183,BA.2(Omicron),D796Y,Q954H,0.4274021564305712,6.48720909654,-0.33
282,BA.2 + L452X(Omicron),D796Y,Q954H,0.4274021564305712,6.48720909654,-0.33
199,BA.2 + L452X(Omicron),N211I,Q954H,0.43363614701852615,7.27465881571,-0.375
102,BA.2(Omicron),N211I,Q954H,0.43363614701852615,7.27465881571,-0.375
36,BA.1(Omicron),N211I,Q954H,0.43363614701852615,7.27465881571,-0.375
5,BA.1(Omicron),A67V,N440K,0.4411062131411211,6.246645703915,-0.816
221,BA.2 + L452X(Omicron),S371F,D796Y,0.4449157085840233,6.90135941551,-0.15
52,BA.1(Omicron),S371L,D796Y,0.4449157085840233,6.711624119685,-0.0875
123,BA.2(Omicron),S371F,D796Y,0.4449157085840233,6.90135941551,-0.15
0,BA.1(Omicron),A67V,T95I,0.4507148388634062,5.895298793285001,-1.24
12,BA.1(Omicron),A67V,N969K,0.4643593256686721,5.33656090997,-0.8065
29,BA.1(Omicron),N211I,S375F,0.47663370465240956,7.668608723485001,-0.158
189,BA.2 + L452X(Omicron),N211I,S375F,0.47663370465240956,7.668608723485001,-0.158
92,BA.2(Omicron),N211I,S375F,0.47663370465240956,7.668608723485001,-0.158
80,BA.1(Omicron),D614G,D796Y,0.48007088818728777,6.9147913364899996,-0.184
177,BA.2(Omicron),D614G,D796Y,0.48007088818728777,6.9147913364899996,-0.184
276,BA.2 + L452X(Omicron),D614G,D796Y,0.48007088818728777,6.9147913364899996,-0.184
4,BA.1(Omicron),A67V,S375F,0.48106868410079223,6.55928341412,-0.7015
91,BA.2(Omicron),N211I,S371F,0.48693334127598736,7.68880913468,-0.195
188,BA.2 + L452X(Omicron),N211I,S371F,0.48693334127598736,7.68880913468,-0.195
28,BA.1(Omicron),N211I,S371L,0.48693334127598736,7.499073838855001,-0.1325
11,BA.1(Omicron),A67V,Q954H,0.49117471853219746,6.165333506345,-0.9185
229,BA.2 + L452X(Omicron),S375F,Y505H,0.5038035384523738,7.5054076812999995,-0.2445
57,BA.1(Omicron),S375F,Y505H,0.5038035384523738,7.5054076812999995,-0.2445
131,BA.2(Omicron),S375F,Y505H,0.5038035384523738,7.5054076812999995,-0.2445
194,BA.2 + L452X(Omicron),N211I,Q498R,0.507565377971049,7.02579118659,-0.4755
97,BA.2(Omicron),N211I,Q498R,0.507565377971049,7.02579118659,-0.4755
31,BA.1(Omicron),N211I,Q498R,0.507565377971049,7.02579118659,-0.4755
24,BA.1(Omicron),T95I,Q954H,0.5146750461666766,6.8769663336499995,-0.8655
2,BA.1(Omicron),A67V,G339D,0.5182760469410853,5.669847447635,-0.5555
99,BA.2(Omicron),N211I,D614G,0.5188091975933758,7.70224105566,-0.22899999999999998
33,BA.1(Omicron),N211I,D614G,0.5188091975933758,7.70224105566,-0.22899999999999998
196,BA.2 + L452X(Omicron),N211I,D614G,0.5188091975933758,7.70224105566,-0.22899999999999998
187,BA.2 + L452X(Omicron),N211I,G339D,0.5315095013998928,6.7791727569999995,-0.011999999999999997
90,BA.2(Omicron),N211I,G339D,0.5315095013998928,6.7791727569999995,-0.011999999999999997
27,BA.1(Omicron),N211I,G339D,0.5315095013998928,6.7791727569999995,-0.011999999999999997
246,BA.2 + L452X(Omicron),D405N,N440K,0.5325370822660392,7.300203097504999,-0.866
148,BA.2(Omicron),D405N,N440K,0.5325370822660392,7.300203097504999,-0.866
107,BA.2(Omicron),G339D,D405N,0.5349377494489783,6.723404841224999,-0.6055
205,BA.2 + L452X(Omicron),G339D,D405N,0.5349377494489783,6.723404841224999,-0.6055
14,BA.1(Omicron),T95I,N211I,0.5357330076845177,7.00462410265,-0.6965
294,AV.1,N439K,D614G,0.5527044736998868,7.503259635825,-1.1145
296,AY.4.2,D614G,Y145H,0.5590397331268243,7.259739899365,-1.3535
49,BA.1(Omicron),S371L,Y505H,0.5626198844343837,7.3358727966699995,-0.219
120,BA.2(Omicron),S371F,Y505H,0.5626198844343837,7.525608092495,-0.2815
218,BA.2 + L452X(Omicron),S371F,Y505H,0.5626198844343837,7.525608092495,-0.2815
20,BA.1(Omicron),T95I,Y505H,0.5645380353845237,6.841423060465,-0.783
77,BA.1(Omicron),Y505H,Q954H,0.5649460892357181,7.111457773525,-0.4615
174,BA.2(Omicron),Y505H,Q954H,0.5649460892357181,7.111457773525,-0.4615
273,BA.2 + L452X(Omicron),Y505H,Q954H,0.5649460892357181,7.111457773525,-0.4615
17,BA.1(Omicron),T95I,S375F,0.5683713587895395,7.270916241425001,-0.6485000000000001
252,BA.2 + L452X(Omicron),R408S,Y505H,0.5878924167510573,7.456341292595,-0.3305
154,BA.2(Omicron),R408S,Y505H,0.5878924167510573,7.456341292595,-0.3305
16,BA.1(Omicron),T95I,S371L,0.5892148686483588,7.101381356795001,-0.623
239,BA.2 + L452X(Omicron),T376A,Y505H,0.5925358908679335,7.29760270847,-1.022
141,BA.2(Omicron),T376A,Y505H,0.5925358908679335,7.29760270847,-1.022
295,B.1.621(Mu),R346K,D614G,0.5932656222076607,7.5612659276150005,-0.1575
78,BA.1(Omicron),Y505H,N969K,0.5941144933579555,6.28268517715,-0.34950000000000003
175,BA.2(Omicron),Y505H,N969K,0.5941144933579555,6.28268517715,-0.34950000000000003
274,BA.2 + L452X(Omicron),Y505H,N969K,0.5941144933579555,6.28268517715,-0.34950000000000003
243,BA.2 + L452X(Omicron),T376A,Q954H,0.6074551736462739,7.333145981655,-1.1045
145,BA.2(Omicron),T376A,Q954H,0.6074551736462739,7.333145981655,-1.1045
3,BA.1(Omicron),A67V,S371L,0.610612378626318,6.38974852949,-0.6759999999999999
234,BA.2 + L452X(Omicron),S375F,N969K,0.6154941323643295,6.71217835811,-0.215
62,BA.1(Omicron),S375F,N969K,0.6154941323643295,6.71217835811,-0.215
136,BA.2(Omicron),S375F,N969K,0.6154941323643295,6.71217835811,-0.215
103,BA.2(Omicron),N211I,N969K,0.618302853398463,6.445886219335,-0.263
37,BA.1(Omicron),N211I,N969K,0.618302853398463,6.445886219335,-0.263
200,BA.2 + L452X(Omicron),N211I,N969K,0.618302853398463,6.445886219335,-0.263
256,BA.2 + L452X(Omicron),R408S,Q954H,0.6205218323702865,7.4918845657799995,-0.41300000000000003
158,BA.2(Omicron),R408S,Q954H,0.6205218323702865,7.4918845657799995,-0.41300000000000003
192,BA.2 + L452X(Omicron),N211I,R408S,0.6209745636504438,7.61954233478,-0.244
95,BA.2(Omicron),N211I,R408S,0.6209745636504438,7.61954233478,-0.244
1,BA.1(Omicron),A67V,N211I,0.621549413236433,6.292991275345001,-0.7494999999999999
290,B.1.351+E516Q,E516Q,A701V,0.6217400369333412,7.030769929125,-0.542
171,BA.2(Omicron),Y505H,D614G,0.6258592958837196,7.539040013475,-0.3155
74,BA.1(Omicron),Y505H,D614G,0.6258592958837196,7.539040013475,-0.3155
270,BA.2 + L452X(Omicron),Y505H,D614G,0.6258592958837196,7.539040013475,-0.3155
110,BA.2(Omicron),G339D,Q498R,0.6392714600583784,6.4026473588799995,-0.2815
208,BA.2 + L452X(Omicron),G339D,Q498R,0.6392714600583784,6.4026473588799995,-0.2815
41,BA.1(Omicron),G339D,Q498R,0.6392714600583784,6.4026473588799995,-0.2815
233,BA.2 + L452X(Omicron),S375F,Q954H,0.6453922678262941,7.540950954485,-0.327
61,BA.1(Omicron),S375F,Q954H,0.6453922678262941,7.540950954485,-0.327
135,BA.2(Omicron),S375F,Q954H,0.6453922678262941,7.540950954485,-0.327
8,BA.1(Omicron),A67V,D614G,0.6456543754095431,6.5929157462950005,-0.7725
190,BA.2 + L452X(Omicron),N211I,T376A,0.6467593971525585,7.460803750655,-0.9355
93,BA.2(Omicron),N211I,T376A,0.6467593971525585,7.460803750655,-0.9355
226,BA.2 + L452X(Omicron),S375F,R408S,0.6559778399952344,7.885834473555001,-0.19599999999999998
128,BA.2(Omicron),S375F,R408S,0.6559778399952344,7.885834473555001,-0.19599999999999998
21,BA.1(Omicron),T95I,D614G,0.6571781735867039,7.3045485736,-0.7195
293,B.1.526(Iota),D614G,A701V,0.6643533686781438,7.8651058233499995,-0.309
288,B.1.351+P384L,D614G,A701V,0.6643533686781438,7.8651058233499995,-0.309
298,B.1.351(Beta),D614G,A701V,0.6643533686781438,7.8651058233499995,-0.309
291,B.1.351+E516Q,D614G,A701V,0.6643533686781438,7.8651058233499995,-0.309
224,BA.2 + L452X(Omicron),S375F,T376A,0.6681747781021028,7.72709588943,-0.8875000000000001
126,BA.2(Omicron),S375F,T376A,0.6681747781021028,7.72709588943,-0.8875000000000001
215,BA.2 + L452X(Omicron),S371F,R408S,0.6713558110442605,7.9060348847499995,-0.23299999999999998
117,BA.2(Omicron),S371F,R408S,0.6713558110442605,7.9060348847499995,-0.23299999999999998
46,BA.1(Omicron),S371L,S375F,0.6733394888902127,7.76536597763,-0.08449999999999999
213,BA.2 + L452X(Omicron),S371F,S375F,0.6733394888902127,7.955101273455,-0.147
115,BA.2(Omicron),S371F,S375F,0.6733394888902127,7.955101273455,-0.147
214,BA.2 + L452X(Omicron),S371F,T376A,0.6754840054804313,7.747296300625,-0.9245
116,BA.2(Omicron),S371F,T376A,0.6754840054804313,7.747296300625,-0.9245
25,BA.1(Omicron),T95I,N969K,0.6828319532971941,6.048193737275,-0.7535000000000001
88,BA.1(Omicron),Q954H,N969K,0.6943646869601477,6.318228450335,-0.43200000000000005
284,BA.2 + L452X(Omicron),Q954H,N969K,0.6943646869601477,6.318228450335,-0.43200000000000005
185,BA.2(Omicron),Q954H,N969K,0.6943646869601477,6.318228450335,-0.43200000000000005
223,BA.2 + L452X(Omicron),S371F,N969K,0.7067075713349615,6.732378769305,-0.252
125,BA.2(Omicron),S371F,N969K,0.7067075713349615,6.732378769305,-0.252
54,BA.1(Omicron),S371L,N969K,0.7067075713349615,6.54264347348,-0.1895
82,BA.1(Omicron),D614G,N969K,0.707937689879073,6.7458106902849995,-0.28600000000000003
278,BA.2 + L452X(Omicron),D614G,N969K,0.707937689879073,6.7458106902849995,-0.28600000000000003
179,BA.2(Omicron),D614G,N969K,0.707937689879073,6.7458106902849995,-0.28600000000000003
285,A.23.1+E484K,V367F,Q613H,0.7123964972895693,7.551846876579999,-0.504
58,BA.1(Omicron),S375F,D614G,0.7208464883540835,7.968533194435,-0.181
132,BA.2(Omicron),S375F,D614G,0.7208464883540835,7.968533194435,-0.181
230,BA.2 + L452X(Omicron),S375F,D614G,0.7208464883540835,7.968533194435,-0.181
124,BA.2(Omicron),S371F,Q954H,0.7354947280633823,7.56115136568,-0.364
53,BA.1(Omicron),S371L,Q954H,0.7354947280633823,7.371416069855,-0.3015
222,BA.2 + L452X(Omicron),S371F,Q954H,0.7354947280633823,7.56115136568,-0.364
155,BA.2(Omicron),R408S,D614G,0.73762435217728,7.91946680573,-0.267
253,BA.2 + L452X(Omicron),R408S,D614G,0.73762435217728,7.91946680573,-0.267
178,BA.2(Omicron),D614G,Q954H,0.7485256448442247,7.574583286659999,-0.398
81,BA.1(Omicron),D614G,Q954H,0.7485256448442247,7.574583286659999,-0.398
277,BA.2 + L452X(Omicron),D614G,Q954H,0.7485256448442247,7.574583286659999,-0.398
142,BA.2(Omicron),T376A,D614G,0.7489753976291178,7.7607282216049995,-0.9585
240,BA.2 + L452X(Omicron),T376A,D614G,0.7489753976291178,7.7607282216049995,-0.9585
289,B.1.351+E516Q,E516Q,D614G,0.7810299636623578,7.167829632385,-0.485
257,BA.2 + L452X(Omicron),R408S,N969K,0.7841246202418538,6.663111969405,-0.301
159,BA.2(Omicron),R408S,N969K,0.7841246202418538,6.663111969405,-0.301
244,BA.2 + L452X(Omicron),T376A,N969K,0.7995025912908799,6.50437338528,-0.9925
146,BA.2(Omicron),T376A,N969K,0.7995025912908799,6.50437338528,-0.9925
50,BA.1(Omicron),S371L,D614G,0.8363912551379042,7.798998309805,-0.1555
219,BA.2 + L452X(Omicron),S371F,D614G,0.8363912551379042,7.988733605629999,-0.218
121,BA.2(Omicron),S371F,D614G,0.8363912551379042,7.988733605629999,-0.218
138,BA.2(Omicron),T376A,R408S,0.8559420980520641,7.678029500725,-0.9735
236,BA.2 + L452X(Omicron),T376A,R408S,0.8559420980520641,7.678029500725,-0.9735
