rank,position,information
1,89G,2.996
2,107G,2.996
3,301C,2.996
4,311G,2.996
5,313Y,2.996
6,355R,2.996
7,361C,2.996
8,379C,2.996
9,391C,2.996
10,398D,2.996
11,422N,2.996
12,423Y,2.996
13,432C,2.996
14,525C,2.996
15,538C,2.996
16,545G,2.996
17,548G,2.996
18,550G,2.996
19,617C,2.996
20,648G,2.996
21,649C,2.996
22,667G,2.996
23,671C,2.996
24,715P,2.996
25,718F,2.996
26,725E,2.996
27,733K,2.996
28,737D,2.996
29,738C,2.996
30,749C,2.996
31,756Y,2.996
32,757G,2.996
33,759F,2.996
34,760C,2.996
35,764N,2.996
36,767L,2.996
37,775D,2.996
38,815R,2.996
39,816S,2.996
40,832G,2.996
41,837Y,2.996
42,840C,2.996
43,848D,2.996
44,849L,2.996
45,851C,2.996
46,853Q,2.996
47,860V,2.996
48,861L,2.996
49,863P,2.996
50,873Y,2.996
51,897P,2.996
52,905R,2.996
53,907N,2.996
54,908G,2.996
55,912T,2.996
56,915V,2.996
57,916L,2.996
58,919N,2.996
59,920Q,2.996
60,923I,2.996
61,927F,2.996
62,928N,2.996
63,930A,2.996
64,935Q,2.996
65,944A,2.996
66,949Q,2.996
67,953N,2.996
68,956A,2.996
69,962L,2.996
70,966L,2.996
71,970F,2.996
72,971G,2.996
73,972A,2.996
74,973I,2.996
75,974S,2.996
76,983R,2.996
77,984L,2.996
78,994D,2.996
79,995R,2.996
80,996L,2.996
81,997I,2.996
82,999G,2.996
83,1000R,2.996
84,1004L,2.996
85,1012L,2.996
86,1028K,2.996
87,1031E,2.996
88,1032C,2.996
89,1033V,2.996
90,1036Q,2.996
91,1039R,2.996
92,1042F,2.996
93,1043C,2.996
94,1044G,2.996
95,1046G,2.996
96,1048H,2.996
97,1051S,2.996
98,1056A,2.996
99,1057P,2.996
100,1059G,2.996
101,1062F,2.996
102,1064H,2.996
103,1069P,2.996
104,1082C,2.996
105,1093G,2.996
106,1095F,2.996
107,1105T,2.996
108,1112P,2.996
109,1148F,2.996
110,1158N,2.996
111,1173N,2.996
112,1193L,2.996
113,1194N,2.996
114,1196S,2.996
115,1198I,2.996
116,1200L,2.996
117,1211K,2.996
118,1212W,2.996
119,1213P,2.996
120,1214W,2.996
121,1215Y,2.996
122,1217W,2.996
123,1218L,2.996
124,1253C,2.996
125,283G,2.971
126,291C,2.971
127,590C,2.971
128,662C,2.971
129,743C,2.971
130,753L,2.971
131,825K,2.971
132,826V,2.971
133,830D,2.971
134,857G,2.971
135,862P,2.971
136,959L,2.971
137,980I,2.971
138,1067Y,2.971
139,1102W,2.971
140,1151E,2.971
141,1238T,2.971
142,1240C,2.971
143,1250C,2.971
144,595V,2.97
145,898F,2.951
146,910G,2.951
147,1025A,2.951
148,822L,2.946
149,924A,2.946
150,947K,2.946
151,820D,2.934
152,874T,2.934
153,988E,2.926
154,1157K,2.926
155,1206Y,2.921
156,992Q,2.917
157,1090P,2.917
158,609A,2.909
159,847R,2.902
160,290D,2.896
161,921K,2.893
162,941T,2.873
163,400F,2.859
164,270L,2.855
165,539V,2.847
166,985D,2.835
167,1182E,2.834
168,1204G,2.834
169,1022A,2.833
170,611L,2.827
171,821L,2.815
172,86F,2.811
173,955N,2.811
174,1236C,2.809
175,819E,2.8
176,1209Y,2.799
177,348A,2.792
178,952V,2.789
179,993I,2.789
180,1152L,2.788
181,596S,2.786
182,904Y,2.778
183,1008V,2.778
184,714I,2.775
185,958A,2.775
186,1011Q,2.775
187,1161S,2.766
188,1037S,2.756
189,1191K,2.75
190,1001L,2.744
191,1156F,2.744
192,336C,2.742
193,563Q,2.736
194,463P,2.734
195,1254C,2.723
196,38Y,2.723
197,568D,2.723
198,288A,2.722
199,35G,2.721
200,1010Q,2.7
201,1021S,2.692
202,823F,2.691
203,416G,2.685
204,951V,2.683
205,818I,2.669
206,285I,2.667
207,833F,2.666
208,911V,2.666
209,965Q,2.666
210,989A,2.666
211,1096V,2.657
212,1007Y,2.65
213,981L,2.648
214,967S,2.642
215,298E,2.641
216,934I,2.641
217,413G,2.63
218,945L,2.625
219,886W,2.622
220,322P,2.618
221,368L,2.613
222,1186L,2.611
223,353W,2.611
224,204Y,2.609
225,593G,2.609
226,267V,2.597
227,1226A,2.597
228,1207E,2.597
229,1054Q,2.594
230,1160T,2.586
231,925N,2.582
232,1119N,2.58
233,620V,2.579
234,326I,2.572
235,856N,2.562
236,377F,2.558
237,232G,2.556
238,139P,2.555
239,745D,2.549
240,744G,2.546
241,977L,2.546
242,1235C,2.546
243,320V,2.539
244,975S,2.533
245,1216I,2.533
246,1137V,2.529
247,801N,2.529
248,669G,2.526
249,802F,2.521
250,643F,2.521
251,1149K,2.521
252,392F,2.514
253,1172I,2.498
254,587I,2.498
255,781V,2.497
256,891G,2.483
257,720I,2.474
258,1079P,2.474
259,717N,2.47
260,960N,2.462
261,1153D,2.453
262,828L,2.451
263,1166L,2.45
264,551V,2.445
265,108T,2.445
266,1122V,2.445
267,1264V,2.442
268,1266K,2.436
269,674Y,2.436
270,289V,2.434
271,265Y,2.434
272,578D,2.425
273,653A,2.425
274,277L,2.423
275,328R,2.408
276,865L,2.395
277,1165D,2.392
278,1085G,2.391
279,850I,2.388
280,316S,2.387
281,360N,2.385
282,887T,2.385
283,112S,2.382
284,37Y,2.382
285,523T,2.379
286,741Y,2.37
287,766A,2.37
288,386K,2.37
289,524V,2.369
290,889G,2.369
291,612Y,2.365
292,864L,2.361
293,736V,2.357
294,890A,2.355
295,645T,2.35
296,758S,2.348
297,1068V,2.345
298,50S,2.345
299,871A,2.344
300,1188E,2.339
301,1109F,2.338
302,652G,2.336
303,644Q,2.334
304,1150E,2.331
305,318F,2.329
306,869M,2.329
307,131C,2.328
308,1110Y,2.325
309,982S,2.323
310,918E,2.32
311,987V,2.319
312,279Y,2.318
313,979D,2.317
314,1024L,2.317
315,877L,2.315
316,719T,2.315
317,1030S,2.315
318,1177V,2.315
319,1145L,2.315
320,364D,2.314
321,136C,2.31
322,1129V,2.306
323,1080A,2.305
324,1081I,2.305
325,1005Q,2.305
326,312I,2.304
327,937S,2.304
328,938L,2.304
329,541F,2.303
330,276L,2.303
331,1078A,2.301
332,709N,2.301
333,1223G,2.301
334,1241C,2.294
335,1199D,2.294
336,1175S,2.292
337,55F,2.292
338,589P,2.291
339,896I,2.29
340,931I,2.286
341,60S,2.285
342,1202E,2.284
343,1178N,2.283
344,116S,2.282
345,968S,2.281
346,716T,2.28
347,1242S,2.279
348,384P,2.278
349,991V,2.275
350,581T,2.275
351,299T,2.274
352,803S,2.269
353,1221I,2.265
354,909I,2.264
355,354N,2.261
356,1034L,2.26
357,201F,2.259
358,565F,2.258
359,829A,2.258
360,1251G,2.258
361,1234L,2.255
362,349S,2.255
363,424K,2.254
364,235I,2.254
365,1224L,2.253
366,1006T,2.25
367,998T,2.25
368,755Q,2.249
369,1134N,2.249
370,888F,2.249
371,1257D,2.246
372,806L,2.245
373,1089F,2.244
374,552L,2.244
375,730S,2.242
376,305S,2.239
377,1189V,2.239
378,175F,2.237
379,834I,2.235
380,827T,2.234
381,769G,2.23
382,870I,2.227
383,1116T,2.227
384,1219G,2.226
385,1201Q,2.222
386,605S,2.222
387,383S,2.205
388,1179I,2.204
389,1225I,2.204
390,752L,2.202
391,855F,2.201
392,577R,2.199
393,1053P,2.198
394,1220F,2.195
395,852A,2.194
396,913Q,2.194
397,1185R,2.193
398,598I,2.189
399,359S,2.184
400,712I,2.183
401,342F,2.176
402,1243C,2.174
403,876A,2.173
404,885G,2.173
405,1065V,2.172
406,597V,2.17
407,976V,2.168
408,418I,2.166
409,230P,2.165
410,543F,2.164
411,729V,2.163
412,1014R,2.163
413,300K,2.163
414,426P,2.163
415,1052F,2.162
416,350V,2.161
417,114T,2.161
418,650L,2.154
419,45S,2.153
420,547T,2.153
421,358I,2.151
422,1117T,2.15
423,1009T,2.149
424,143V,2.148
425,44R,2.147
426,742I,2.146
427,663D,2.146
428,1203L,2.145
429,387L,2.144
430,817F,2.143
431,1255K,2.142
432,771A,2.141
433,672A,2.139
434,544N,2.137
435,366S,2.137
436,774Q,2.136
437,1147S,2.131
438,88D,2.13
439,382V,2.129
440,1197L,2.129
441,1232I,2.127
442,1239S,2.125
443,1029M,2.125
444,1049L,2.124
445,1222A,2.124
446,1113Q,2.124
447,26P,2.124
448,229L,2.12
449,592F,2.117
450,1094V,2.113
451,1002Q,2.112
452,899A,2.111
453,1106Q,2.111
454,1244L,2.11
455,1164V,2.107
456,511V,2.107
457,884S,2.105
458,90V,2.103
459,106F,2.103
460,1259D,2.102
461,664I,2.102
462,1035G,2.101
463,734T,2.101
464,529K,2.099
465,1107R,2.099
466,1262E,2.098
467,1183I,2.095
468,31S,2.095
469,1140P,2.094
470,792P,2.092
471,824N,2.091
472,728P,2.091
473,859T,2.091
474,431G,2.09
475,954Q,2.089
476,1154K,2.089
477,727L,2.088
478,56L,2.086
479,957Q,2.085
480,434I,2.083
481,343N,2.083
482,395V,2.082
483,121N,2.081
484,451Y,2.08
485,36V,2.08
486,607Q,2.079
487,46S,2.079
488,687V,2.077
489,1018I,2.073
490,1120T,2.072
491,655H,2.07
492,54L,2.069
493,421Y,2.069
494,914N,2.068
495,567R,2.067
496,381G,2.066
497,963V,2.066
498,1003S,2.065
499,882I,2.064
500,425L,2.062
501,1237M,2.062
502,1233M,2.062
503,338F,2.061
504,1249S,2.061
505,1087A,2.059
506,665P,2.058
507,858L,2.058
508,940S,2.058
509,615V,2.057
510,763L,2.056
511,770I,2.055
512,1187N,2.055
513,1041D,2.054
514,1019R,2.054
515,1074N,2.052
516,280N,2.051
517,807P,2.049
518,363A,2.049
519,846A,2.047
520,549T,2.047
521,843D,2.045
522,103G,2.045
523,542N,2.042
524,119I,2.04
525,238F,2.038
526,575A,2.038
527,735S,2.036
528,866T,2.036
529,1013I,2.035
530,610V,2.031
531,901Q,2.029
532,629L,2.028
533,872Q,2.028
534,362V,2.025
535,1060V,2.025
536,306F,2.025
537,394N,2.024
538,880G,2.023
539,942A,2.023
540,315T,2.022
541,786K,2.022
542,274T,2.022
543,782F,2.021
544,1135N,2.02
545,1108N,2.019
546,594G,2.017
547,1077T,2.017
548,573T,2.016
549,903A,2.016
550,785V,2.015
551,536N,2.014
552,319R,2.012
553,118L,2.011
554,879A,2.008
555,571D,2.008
556,178D,2.007
557,1155Y,2.007
558,513L,2.005
559,1190A,2.003
560,223L,2.003
561,1180Q,2.002
562,978N,2.0
563,133F,1.998
564,831A,1.996
565,53D,1.992
566,1229M,1.991
567,351Y,1.99
568,902M,1.989
569,275F,1.989
570,961T,1.988
571,40D,1.987
572,939S,1.986
573,686S,1.986
574,1195E,1.985
575,805I,1.984
576,1015A,1.982
577,1210I,1.977
578,370N,1.974
579,1063L,1.973
580,297S,1.973
581,540N,1.971
582,1061V,1.97
583,1104V,1.968
584,1058H,1.968
585,713A,1.967
586,393T,1.963
587,721S,1.963
588,936D,1.963
589,352A,1.962
590,585L,1.96
591,512V,1.959
592,39P,1.959
593,433V,1.956
594,294D,1.956
595,102R,1.955
596,726I,1.954
597,1017E,1.95
598,436W,1.95
599,800F,1.949
600,91Y,1.948
601,1070A,1.948
602,1047Y,1.947
603,555S,1.947
604,469S,1.947
605,464F,1.946
606,17N,1.946
607,1159H,1.946
608,1245K,1.945
609,906F,1.945
610,310K,1.944
611,437N,1.944
612,696T,1.943
613,1066T,1.943
614,442D,1.942
615,557K,1.941
616,1208Q,1.94
617,1075F,1.939
618,950D,1.937
619,109T,1.937
620,526G,1.936
621,917Y,1.935
622,591S,1.932
623,429F,1.932
624,347F,1.932
625,572T,1.932
626,790K,1.93
627,606N,1.929
628,576V,1.927
629,199G,1.927
630,128I,1.925
631,115Q,1.925
632,240T,1.922
633,1169I,1.92
634,841L,1.919
635,8L,1.918
636,1205K,1.917
637,948L,1.916
638,42V,1.916
639,52Q,1.913
640,647A,1.911
641,3V,1.907
642,724T,1.907
643,798G,1.904
644,900M,1.904
645,1016A,1.903
646,497F,1.903
647,926Q,1.902
648,1027T,1.901
649,1040V,1.899
650,1091R,1.899
651,1174A,1.896
652,521P,1.893
653,723T,1.893
654,614D,1.892
655,402I,1.892
656,659S,1.892
657,148N,1.891
658,754L,1.891
659,411A,1.891
660,922L,1.891
661,762Q,1.889
662,1088H,1.886
663,883T,1.886
664,510V,1.885
665,5L,1.885
666,227V,1.884
667,570A,1.881
668,836Q,1.881
669,668A,1.878
670,1099G,1.877
671,1132I,1.877
672,1142Q,1.876
673,117L,1.876
674,1072E,1.874
675,110L,1.873
676,236T,1.873
677,566G,1.872
678,231I,1.871
679,450N,1.871
680,731M,1.87
681,380Y,1.87
682,268G,1.87
683,835K,1.867
684,410I,1.866
685,694A,1.865
686,317N,1.864
687,1231T,1.863
688,409Q,1.862
689,92F,1.861
690,226L,1.861
691,588T,1.86
692,48L,1.86
693,969N,1.859
694,616N,1.859
695,520A,1.858
696,63T,1.856
697,374F,1.856
698,778T,1.856
699,626A,1.855
700,559F,1.855
701,396Y,1.853
702,787Q,1.851
703,732T,1.849
704,1139D,1.849
705,875S,1.849
706,200Y,1.848
707,878L,1.848
708,613Q,1.845
709,651I,1.844
710,556N,1.844
711,1128V,1.843
712,397A,1.842
713,746S,1.842
714,804Q,1.842
715,1176V,1.841
716,1248C,1.839
717,376T,1.836
718,599T,1.835
719,584I,1.834
720,308V,1.834
721,600P,1.832
722,854K,1.832
723,990E,1.831
724,1045K,1.831
725,929S,1.83
726,789Y,1.829
727,1055S,1.827
728,333T,1.825
729,203I,1.823
730,1038K,1.823
731,224E,1.822
732,1144E,1.822
733,867D,1.821
734,365Y,1.82
735,748E,1.819
736,419A,1.817
737,943S,1.817
738,453Y,1.817
739,390L,1.816
740,43F,1.813
741,933K,1.813
742,454R,1.812
743,1167G,1.81
744,666I,1.81
745,695Y,1.809
746,1258E,1.808
747,1260D,1.807
748,528K,1.806
749,705V,1.805
750,1114I,1.804
751,179L,1.803
752,1124G,1.802
753,389D,1.801
754,467D,1.799
755,1023N,1.797
756,1170S,1.797
757,670I,1.796
758,438S,1.796
759,369Y,1.796
760,341V,1.795
761,225P,1.795
762,474Q,1.793
763,264A,1.793
764,546L,1.789
765,104W,1.789
766,367V,1.789
767,560L,1.789
768,329F,1.788
769,1100T,1.788
770,435A,1.788
771,344A,1.786
772,1127D,1.786
773,773E,1.785
774,839D,1.783
775,537K,1.783
776,1141L,1.782
777,799G,1.781
778,205S,1.781
779,94S,1.779
780,692I,1.779
781,986K,1.773
782,1136T,1.771
783,562F,1.77
784,331N,1.77
785,710N,1.769
786,242L,1.769
787,535K,1.767
788,608V,1.766
789,704S,1.764
790,1130I,1.763
791,427D,1.763
792,516E,1.76
793,266Y,1.758
794,1125N,1.758
795,711S,1.757
796,1265L,1.757
797,522A,1.753
798,375S,1.752
799,514S,1.752
800,1076T,1.751
801,740M,1.75
802,838G,1.749
803,1126C,1.749
804,777N,1.748
805,518L,1.747
806,337P,1.746
807,845A,1.746
808,1050M,1.746
809,444K,1.746
810,412P,1.745
811,1020A,1.744
812,1118D,1.74
813,582L,1.74
814,282N,1.74
815,461L,1.736
816,1143P,1.734
817,619E,1.733
818,703N,1.73
819,1230V,1.73
820,1086K,1.728
821,1256F,1.726
822,96E,1.724
823,327V,1.724
824,130V,1.724
825,1184D,1.724
826,4F,1.723
827,47V,1.721
828,263A,1.72
829,780E,1.717
830,1252S,1.714
831,93A,1.714
832,765R,1.712
833,2F,1.71
834,1227I,1.71
835,697M,1.709
836,6V,1.708
837,1163D,1.706
838,284T,1.705
839,408R,1.705
840,784Q,1.703
841,302T,1.703
842,13S,1.702
843,113K,1.701
844,638T,1.7
845,356K,1.698
846,415T,1.697
847,79F,1.696
848,332I,1.696
849,515F,1.694
850,1131G,1.693
851,61N,1.692
852,1133V,1.691
853,296L,1.688
854,1M,1.686
855,286T,1.685
856,1101H,1.685
857,1261S,1.684
858,401V,1.679
859,1123S,1.678
860,293L,1.677
861,41K,1.677
862,946G,1.677
863,506Q,1.677
864,428D,1.674
865,527P,1.674
866,637S,1.673
867,1083H,1.673
868,403R,1.67
869,688A,1.669
870,51T,1.669
871,181G,1.664
872,292A,1.664
873,881T,1.664
874,517L,1.663
875,502G,1.663
876,646R,1.662
877,658N,1.661
878,34R,1.66
879,430T,1.66
880,314Q,1.659
881,210I,1.659
882,169E,1.657
883,533L,1.656
884,385T,1.654
885,661E,1.654
886,932G,1.653
887,124T,1.652
888,245H,1.652
889,334N,1.652
890,1138Y,1.651
891,618T,1.65
892,1098N,1.648
893,105I,1.646
894,405D,1.645
895,564Q,1.644
896,534V,1.644
897,1111E,1.641
898,1228V,1.64
899,295P,1.637
900,58F,1.635
901,634R,1.634
902,1121F,1.632
903,208T,1.632
904,81N,1.632
905,407V,1.63
906,561P,1.63
907,690Q,1.629
908,1071Q,1.628
909,281E,1.627
910,797F,1.627
911,161S,1.626
912,228D,1.62
913,691S,1.619
914,708S,1.617
915,1084D,1.617
916,1103F,1.614
917,574D,1.612
918,65F,1.612
919,177M,1.612
920,158R,1.612
921,303L,1.611
922,135F,1.611
923,673S,1.61
924,443S,1.609
925,654E,1.609
926,165N,1.609
927,689S,1.609
928,701A,1.608
929,569I,1.606
930,706A,1.606
931,30-,1.606
932,509R,1.603
933,1267G,1.603
934,964K,1.602
935,83V,1.6
936,122N,1.599
937,627D,1.594
938,707Y,1.592
939,788I,1.591
940,209P,1.589
941,372A,1.589
942,795K,1.585
943,371S,1.584
944,553T,1.583
945,69H,1.583
946,388N,1.582
947,220F,1.582
948,488C,1.581
949,234N,1.58
950,814K,1.579
951,751N,1.579
952,1026A,1.577
953,1092E,1.575
954,1171G,1.571
955,304K,1.57
956,100I,1.57
957,207H,1.569
958,603N,1.569
959,212L,1.568
960,675Q,1.565
961,378K,1.563
962,457R,1.563
963,631P,1.562
964,466R,1.561
965,1192N,1.561
966,783A,1.56
967,700G,1.557
968,324E,1.557
969,167T,1.557
970,685R,1.555
971,630T,1.553
972,29T,1.553
973,1162P,1.552
974,287D,1.548
975,129K,1.548
976,420D,1.546
977,633W,1.545
978,101I,1.544
979,796D,1.544
980,519H,1.539
981,406E,1.537
982,586D,1.536
983,49H,1.535
984,791T,1.535
985,1146D,1.534
986,132E,1.527
987,628Q,1.526
988,465E,1.526
989,1263P,1.522
990,12S,1.521
991,246R,1.52
992,505Y,1.52
993,698S,1.519
994,702E,1.519
995,9P,1.518
996,439N,1.516
997,636Y,1.514
998,656V,1.514
999,503V,1.513
1000,699L,1.51
1001,164N,1.509
1002,239Q,1.508
1003,141L,1.507
1004,241L,1.504
1005,32F,1.503
1006,693I,1.502
1007,558K,1.498
1008,339G,1.494
1009,309E,1.494
1010,176L,1.493
1011,82P,1.493
1012,487N,1.492
1013,219G,1.49
1014,579P,1.49
1015,498Q,1.488
1016,25P,1.487
1017,166C,1.486
1018,414Q,1.482
1019,321Q,1.48
1020,399S,1.479
1021,768T,1.479
1022,182K,1.478
1023,126V,1.473
1024,174P,1.472
1025,508Y,1.471
1026,95T,1.471
1027,373S,1.47
1028,868E,1.47
1029,761T,1.467
1030,150K,1.463
1031,325S,1.462
1032,323T,1.46
1033,202K,1.457
1034,271Q,1.457
1035,85P,1.456
1036,462K,1.455
1037,80D,1.453
1038,357R,1.451
1039,62V,1.445
1040,747T,1.443
1041,233I,1.443
1042,180E,1.436
1043,844I,1.432
1044,157F,1.431
1045,7L,1.429
1046,417K,1.426
1047,459S,1.426
1048,22T,1.425
1049,17-,1.424
1050,211N,1.424
1051,1073K,1.422
1052,84L,1.422
1053,273R,1.421
1054,159V,1.421
1055,635V,1.419
1056,440N,1.419
1057,213V,1.419
1058,160Y,1.415
1059,722V,1.409
1060,214R,1.405
1061,660Y,1.399
1062,500T,1.399
1063,507P,1.399
1064,739T,1.399
1065,67A,1.399
1066,554E,1.392
1067,779Q,1.391
1068,111D,1.39
1069,1181K,1.386
1070,501N,1.385
1071,222A,1.38
1072,120V,1.375
1073,137N,1.372
1074,123A,1.371
1075,15C,1.368
1076,215D,1.367
1077,149N,1.366
1078,59F,1.363
1079,57P,1.358
1080,16V,1.356
1081,455L,1.346
1082,145Y,1.345
1083,138D,1.341
1084,460N,1.34
1085,604T,1.336
1086,171V,1.335
1087,340E,1.33
1088,237R,1.327
1089,452L,1.324
1090,632T,1.322
1091,134Q,1.316
1092,793P,1.312
1093,170Y,1.3
1094,64W,1.3
1095,28Y,1.297
1096,173Q,1.297
1097,78R,1.291
1098,33T,1.291
1099,243A,1.283
1100,260A,1.282
1101,272P,1.28
1102,221S,1.276
1103,346R,1.251
1104,172S,1.245
1105,144Y,1.244
1106,262A,1.244
1107,441L,1.243
1108,458K,1.242
1109,21R,1.242
1110,307T,1.24
1111,27A,1.24
1112,776K,1.237
1113,68I,1.233
1114,66H,1.222
1115,1097S,1.211
1116,278K,1.209
1117,18L,1.208
1118,244L,1.208
1119,794I,1.206
1120,750S,1.2
1121,404G,1.194
1122,580Q,1.193
1123,10L,1.184
1124,87N,1.176
1125,140F,1.175
1126,19T,1.174
1127,23Q,1.169
1128,168F,1.167
1129,77K,1.163
1130,261G,1.159
1131,468I,1.144
1132,206K,1.139
1133,499P,1.126
1134,11V,1.12
1135,14Q,1.12
1136,772V,1.104
1137,17-,1.1
1138,127V,1.074
1139,475A,1.074
1140,24L,1.068
1141,657N,1.065
1142,20T,1.058
1143,183Q,1.05
1144,142G,1.048
1145,125N,1.023
1146,504G,1.011
1147,456F,0.998
