,0
1,M
2,F
3,V
4,F
5,L
6,V
7,L
8,L
9,P
10,L
11,V
12,S
13,S
14,Q
15,C
16,V
17,N
18,L
19,T
20,T
21,R
22,T
23,Q
24,L
25,P
26,P
27,A
28,Y
29,T
30,N
31,S
32,F
33,T
34,R
35,G
36,V
37,Y
38,Y
39,P
40,D
41,K
42,V
43,F
44,R
45,S
46,S
47,V
48,L
49,H
50,S
51,T
52,Q
53,D
54,L
55,F
56,L
57,P
58,F
59,F
60,S
61,N
62,V
63,T
64,W
65,F
66,H
67,A
68,I
69,H
70,V
71,S
72,G
73,T
74,N
75,G
76,T
77,K
78,R
79,F
80,D
81,N
82,P
83,V
84,L
85,P
86,F
87,N
88,D
89,G
90,V
91,Y
92,F
93,A
94,S
95,T
96,E
97,K
98,S
99,N
100,I
101,I
102,R
103,G
104,W
105,I
106,F
107,G
108,T
109,T
110,L
111,D
112,S
113,K
114,T
115,Q
116,S
117,L
118,L
119,I
120,V
121,N
122,N
123,A
124,T
125,N
126,V
127,V
128,I
129,K
130,V
131,C
132,E
133,F
134,Q
135,F
136,C
137,N
138,D
139,P
140,F
141,L
142,G
143,V
144,Y
145,Y
146,H
147,K
148,N
149,N
150,K
151,S
152,W
153,M
154,E
155,S
156,E
157,F
158,R
159,V
160,Y
161,S
162,S
163,A
164,N
165,N
166,C
167,T
168,F
169,E
170,Y
171,V
172,S
173,Q
174,P
175,F
176,L
177,M
178,D
179,L
180,E
181,G
182,K
183,Q
184,G
185,N
186,F
187,K
188,N
189,L
190,R
191,E
192,F
193,V
194,F
195,K
196,N
197,I
198,D
199,G
200,Y
201,F
202,K
203,I
204,Y
205,S
206,K
207,H
208,T
209,P
210,I
211,N
212,L
213,V
214,R
215,D
216,L
217,P
218,Q
219,G
220,F
221,S
222,A
223,L
224,E
225,P
226,L
227,V
228,D
229,L
230,P
231,I
232,G
233,I
234,N
235,I
236,T
237,R
238,F
239,Q
240,T
241,L
242,L
243,A
244,L
245,H
246,R
247,S
248,Y
249,L
250,T
251,P
252,G
253,D
254,S
255,S
256,S
257,G
258,W
259,T
260,A
261,G
262,A
263,A
264,A
265,Y
266,Y
267,V
268,G
269,Y
270,L
271,Q
272,P
273,R
274,T
275,F
276,L
277,L
278,K
279,Y
280,N
281,E
282,N
283,G
284,T
285,I
286,T
287,D
288,A
289,V
290,D
291,C
292,A
293,L
294,D
295,P
296,L
297,S
298,E
299,T
300,K
301,C
302,T
303,L
304,K
305,S
306,F
307,T
308,V
309,E
310,K
311,G
312,I
313,Y
314,Q
315,T
316,S
317,N
318,F
319,R
320,V
321,Q
322,P
323,T
324,E
325,S
326,I
327,V
328,R
329,F
330,P
331,N
332,I
333,T
334,N
335,L
336,C
337,P
338,F
339,G
340,E
341,V
342,F
343,N
344,A
345,T
346,R
347,F
348,A
349,S
350,V
351,Y
352,A
353,W
354,N
355,R
356,K
357,R
358,I
359,S
360,N
361,C
362,V
363,A
364,D
365,Y
366,S
367,V
368,L
369,Y
370,N
371,S
372,A
373,S
374,F
375,S
376,T
377,F
378,K
379,C
380,Y
381,G
382,V
383,S
384,P
385,T
386,K
387,L
388,N
389,D
390,L
391,C
392,F
393,T
394,N
395,V
396,Y
397,A
398,D
399,S
400,F
401,V
402,I
403,R
404,G
405,D
406,E
407,V
408,R
409,Q
410,I
411,A
412,P
413,G
414,Q
415,T
416,G
417,K
418,I
419,A
420,D
421,Y
422,N
423,Y
424,K
425,L
426,P
427,D
428,D
429,F
430,T
431,G
432,C
433,V
434,I
435,A
436,W
437,N
438,S
439,N
440,N
441,L
442,D
443,S
444,K
445,V
446,G
447,G
448,N
449,Y
450,N
451,Y
452,L
453,Y
454,R
455,L
456,F
457,R
458,K
459,S
460,N
461,L
462,K
463,P
464,F
465,E
466,R
467,D
468,I
469,S
470,T
471,E
472,I
473,Y
474,Q
475,A
476,G
477,S
478,T
479,P
480,C
481,N
482,G
483,V
484,E
485,G
486,F
487,N
488,C
489,Y
490,F
491,P
492,L
493,Q
494,S
495,Y
496,G
497,F
498,Q
499,P
500,T
501,N
502,G
503,V
504,G
505,Y
506,Q
507,P
508,Y
509,R
510,V
511,V
512,V
513,L
514,S
515,F
516,E
517,L
518,L
519,H
520,A
521,P
522,A
523,T
524,V
525,C
526,G
527,P
528,K
529,K
530,S
531,T
532,N
533,L
534,V
535,K
536,N
537,K
538,C
539,V
540,N
541,F
542,N
543,F
544,N
545,G
546,L
547,T
548,G
549,T
550,G
551,V
552,L
553,T
554,E
555,S
556,N
557,K
558,K
559,F
560,L
561,P
562,F
563,Q
564,Q
565,F
566,G
567,R
568,D
569,I
570,A
571,D
572,T
573,T
574,D
575,A
576,V
577,R
578,D
579,P
580,Q
581,T
582,L
583,E
584,I
585,L
586,D
587,I
588,T
589,P
590,C
591,S
592,F
593,G
594,G
595,V
596,S
597,V
598,I
599,T
600,P
601,G
602,T
603,N
604,T
605,S
606,N
607,Q
608,V
609,A
610,V
611,L
612,Y
613,Q
614,D
615,V
616,N
617,C
618,T
619,E
620,V
621,P
622,V
623,A
624,I
625,H
626,A
627,D
628,Q
629,L
630,T
631,P
632,T
633,W
634,R
635,V
636,Y
637,S
638,T
639,G
640,S
641,N
642,V
643,F
644,Q
645,T
646,R
647,A
648,G
649,C
650,L
651,I
652,G
653,A
654,E
655,H
656,V
657,N
658,N
659,S
660,Y
661,E
662,C
663,D
664,I
665,P
666,I
667,G
668,A
669,G
670,I
671,C
672,A
673,S
674,Y
675,Q
676,T
677,Q
678,T
679,N
680,S
681,P
682,R
683,R
684,A
685,R
686,S
687,V
688,A
689,S
690,Q
691,S
692,I
693,I
694,A
695,Y
696,T
697,M
698,S
699,L
700,G
701,A
702,E
703,N
704,S
705,V
706,A
707,Y
708,S
709,N
710,N
711,S
712,I
713,A
714,I
715,P
716,T
717,N
718,F
719,T
720,I
721,S
722,V
723,T
724,T
725,E
726,I
727,L
728,P
729,V
730,S
731,M
732,T
733,K
734,T
735,S
736,V
737,D
738,C
739,T
740,M
741,Y
742,I
743,C
744,G
745,D
746,S
747,T
748,E
749,C
750,S
751,N
752,L
753,L
754,L
755,Q
756,Y
757,G
758,S
759,F
760,C
761,T
762,Q
763,L
764,N
765,R
766,A
767,L
768,T
769,G
770,I
771,A
772,V
773,E
774,Q
775,D
776,K
777,N
778,T
779,Q
780,E
781,V
782,F
783,A
784,Q
785,V
786,K
787,Q
788,I
789,Y
790,K
791,T
792,P
793,P
794,I
795,K
796,D
797,F
798,G
799,G
800,F
801,N
802,F
803,S
804,Q
805,I
806,L
807,P
808,D
809,P
810,S
811,K
812,P
813,S
814,K
815,R
816,S
817,F
818,I
819,E
820,D
821,L
822,L
823,F
824,N
825,K
826,V
827,T
828,L
829,A
830,D
831,A
832,G
833,F
834,I
835,K
836,Q
837,Y
838,G
839,D
840,C
841,L
842,G
843,D
844,I
845,A
846,A
847,R
848,D
849,L
850,I
851,C
852,A
853,Q
854,K
855,F
856,N
857,G
858,L
859,T
860,V
861,L
862,P
863,P
864,L
865,L
866,T
867,D
868,E
869,M
870,I
871,A
872,Q
873,Y
874,T
875,S
876,A
877,L
878,L
879,A
880,G
881,T
882,I
883,T
884,S
885,G
886,W
887,T
888,F
889,G
890,A
891,G
892,A
893,A
894,L
895,Q
896,I
897,P
898,F
899,A
900,M
901,Q
902,M
903,A
904,Y
905,R
906,F
907,N
908,G
909,I
910,G
911,V
912,T
913,Q
914,N
915,V
916,L
917,Y
918,E
919,N
920,Q
921,K
922,L
923,I
924,A
925,N
926,Q
927,F
928,N
929,S
930,A
931,I
932,G
933,K
934,I
935,Q
936,D
937,S
938,L
939,S
940,S
941,T
942,A
943,S
944,A
945,L
946,G
947,K
948,L
949,Q
950,D
951,V
952,V
953,N
954,Q
955,N
956,A
957,Q
958,A
959,L
960,N
961,T
962,L
963,V
964,K
965,Q
966,L
967,S
968,S
969,N
970,F
971,G
972,A
973,I
974,S
975,S
976,V
977,L
978,N
979,D
980,I
981,L
982,S
983,R
984,L
985,D
986,K
987,V
988,E
989,A
990,E
991,V
992,Q
993,I
994,D
995,R
996,L
997,I
998,T
999,G
1000,R
1001,L
1002,Q
1003,S
1004,L
1005,Q
1006,T
1007,Y
1008,V
1009,T
1010,Q
1011,Q
1012,L
1013,I
1014,R
1015,A
1016,A
1017,E
1018,I
1019,R
1020,A
1021,S
1022,A
1023,N
1024,L
1025,A
1026,A
1027,T
1028,K
1029,M
1030,S
1031,E
1032,C
1033,V
1034,L
1035,G
1036,Q
1037,S
1038,K
1039,R
1040,V
1041,D
1042,F
1043,C
1044,G
1045,K
1046,G
1047,Y
1048,H
1049,L
1050,M
1051,S
1052,F
1053,P
1054,Q
1055,S
1056,A
1057,P
1058,H
1059,G
1060,V
1061,V
1062,F
1063,L
1064,H
1065,V
1066,T
1067,Y
1068,V
1069,P
1070,A
1071,Q
1072,E
1073,K
1074,N
1075,F
1076,T
1077,T
1078,A
1079,P
1080,A
1081,I
1082,C
1083,H
1084,D
1085,G
1086,K
1087,A
1088,H
1089,F
1090,P
1091,R
1092,E
1093,G
1094,V
1095,F
1096,V
1097,S
1098,N
1099,G
1100,T
1101,H
1102,W
1103,F
1104,V
1105,T
1106,Q
1107,R
1108,N
1109,F
1110,Y
1111,E
1112,P
1113,Q
1114,I
1115,I
1116,T
1117,T
1118,D
1119,N
1120,T
1121,F
1122,V
1123,S
1124,G
1125,N
1126,C
1127,D
1128,V
1129,V
1130,I
1131,G
1132,I
1133,V
1134,N
1135,N
1136,T
1137,V
1138,Y
1139,D
1140,P
1141,L
1142,Q
1143,P
1144,E
1145,L
1146,D
1147,S
1148,F
1149,K
1150,E
1151,E
1152,L
1153,D
1154,K
1155,Y
1156,F
1157,K
1158,N
1159,H
1160,T
1161,S
1162,P
1163,D
1164,V
1165,D
1166,L
1167,G
1168,D
1169,I
1170,S
1171,G
1172,I
1173,N
1174,A
1175,S
1176,V
1177,V
1178,N
1179,I
1180,Q
1181,K
1182,E
1183,I
1184,D
1185,R
1186,L
1187,N
1188,E
1189,V
1190,A
1191,K
1192,N
1193,L
1194,N
1195,E
1196,S
1197,L
1198,I
1199,D
1200,L
1201,Q
1202,E
1203,L
1204,G
1205,K
1206,Y
1207,E
1208,Q
1209,Y
1210,I
1211,K
1212,W
1213,P
1214,W
1215,Y
1216,I
1217,W
1218,L
1219,G
1220,F
1221,I
1222,A
1223,G
1224,L
1225,I
1226,A
1227,I
1228,V
1229,M
1230,V
1231,T
1232,I
1233,M
1234,L
1235,C
1236,C
1237,M
1238,T
1239,S
1240,C
1241,C
1242,S
1243,C
1244,L
1245,K
1246,G
1247,C
1248,C
1249,S
1250,C
1251,G
1252,S
1253,C
1254,C
1255,K
1256,F
1257,D
1258,E
1259,D
1260,D
1261,S
1262,E
1263,P
1264,V
1265,L
1266,K
1267,G
1268,V
1269,K
1270,L
1271,H
1272,Y
1273,T
